y_pred_run_1,y_pred_run_2,y_pred_run_3,y_pred_run_4,y_pred_run_5,average_y_pred,y_test_val,Relative_Error_%
5.501583,5.065349,5.2260356,5.325561,4.9363575,5.2109776,5.2441251443275085,-0.6320899882047004
5.393691,5.802826,5.3156285,5.4189644,5.252897,5.4368014,5.853871964321762,-7.124695130001051
6.300168,6.3142653,6.646562,5.831768,6.388542,6.2962613,5.995678626217358,5.0133221458147235
6.5080147,7.3202477,6.5860515,6.69255,6.9574,6.8128533,6.372634143407267,6.907962751672869
5.5043736,5.424613,5.5033045,5.521175,5.2686434,5.4444222,5.455931955649724,-0.21095773769999154
4.612932,4.754586,4.4301925,4.329253,4.2827835,4.48195,4.468521082957745,0.30051829243570904
6.298749,6.294626,6.133244,5.982163,6.01601,6.1449585,6.43356250780493,-4.485912919336021
4.8863726,5.019496,5.2418838,5.422254,5.065181,5.127038,5.795880017344075,-11.539956198686243
5.318235,5.2824554,5.530397,5.4323,5.4127088,5.3952193,6.657577319177793,-18.961221667259686
7.9284678,7.9052205,7.925874,8.020165,8.038256,7.9635973,7.638272163982407,4.259145611753556
4.406513,4.6660714,4.526341,4.639538,4.687527,4.585198,3.612610173661271,26.922023278273283
7.7899776,7.8266335,7.9226465,7.4623246,7.8361483,7.767546,7.494850021680094,3.638447126246528
8.211043,7.7693267,7.8949485,8.137379,7.7956266,7.9616647,8.113509274827518,-1.871503353454735
5.0672035,4.9338574,4.9527783,5.0533524,4.8653903,4.9745164,4.518557371497695,10.090809583000285
7.752164,7.708727,7.782905,7.702871,7.5924106,7.7078156,8.267606240177031,-6.770890833327837
8.003964,8.000329,7.9379716,8.314568,7.9947815,8.050323,7.5376020021010435,6.802170377393879
8.154078,8.216968,8.121964,8.13389,8.023681,8.130116,8.00436480540245,1.5710385566159546
5.7589417,5.1297107,5.5570827,5.3500485,5.944361,5.548029,4.823908740944319,15.011067660388214
5.6434164,5.342889,5.569702,5.4180255,5.5850267,5.5118117,5.866461091629782,-6.045371354971454
5.5037875,5.4745107,5.706669,6.019795,5.666801,5.6743126,5.677780705,-0.06108220143499904
7.5730195,7.4166555,7.448624,7.450323,7.366283,7.450981,7.823908740944319,-4.766512662091568
7.4744925,7.727746,7.699311,7.9134455,7.490151,7.661029,7.397940008672037,3.5562447521752847
7.316186,7.470479,7.6180563,6.9575086,7.4443765,7.3613214,7.337242168318426,0.3281789044026885
8.014478,8.000252,7.951272,7.893654,8.008652,7.973661,8.058654233773062,-1.0546833927249186
7.3359256,7.1306477,7.4757156,7.393026,7.365391,7.3401413,6.958607314841775,5.482907200858761
8.556828,8.815155,8.327051,8.3592005,8.500347,8.511717,8.638272163982407,-1.4650536464770907
5.161396,4.8050485,4.8702826,4.7190123,4.901195,4.891387,5.244125144,-6.726348981674707
7.412388,7.5889883,7.752049,7.8399134,7.627409,7.64415,7.823908740944319,-2.297559527121796
4.643771,4.867118,4.960522,4.905851,4.8694463,4.8493414,4.838631998,0.2213310398789604
6.9374313,6.6793656,6.614631,6.3556037,6.443376,6.6060815,5.958607314841775,10.866199712368687
6.777039,6.6307745,7.0288134,6.925079,7.140765,6.9004946,7.122340755888391,-3.114793127589295
4.9622207,4.999879,4.9470224,4.8699145,5.188806,4.9935684,5.0,-0.128631591796875
5.0838423,5.0081654,4.95056,5.0426326,5.122663,5.041573,4.663540266151471,8.106133107293518
6.997322,6.989517,6.6938834,6.592795,7.015263,6.857756,7.886056647693163,-13.039476582330437
6.131968,6.332368,5.9638724,5.7606187,5.8012023,5.998006,6.136677139879544,-2.2597127030520547
6.71622,6.7267213,6.67013,6.365506,6.7634306,6.6484017,6.958607314841775,-4.457868702649926
4.9184647,5.411435,5.293099,5.219502,5.3123355,5.2309675,5.301029995663981,-1.3216766185780675
8.1603365,8.266714,8.282869,8.4690895,8.314699,8.298741,8.0,3.734266757965088
8.633531,8.922319,8.356039,8.316645,8.654882,8.576683,8.721246399047171,-1.6575997053514215
8.032803,7.8583593,7.8935175,8.080712,7.8299003,7.939058,7.397940008672037,7.314439123451963
5.1982183,5.0446334,5.197811,5.2457323,5.2157984,5.180438,4.698970004336019,10.246246239212292
5.4413443,4.991977,5.0242333,5.1435947,4.951396,5.110509,4.603800652904264,11.006303358037261
4.8601437,5.0741363,5.0593963,4.9373035,5.2141566,5.0290275,4.7447274948966935,5.9919134958689915
6.3409452,6.5789165,6.9615345,6.3053975,6.0735445,6.4520674,7.119186407719209,-9.370720112241445
5.6042757,5.9258323,5.6374106,5.7120285,5.288356,5.6335807,6.180456064458132,-8.848463189329596
5.3987694,5.1499095,5.2999544,5.0140376,5.295024,5.2315392,5.732828271596986,-8.744183471541122
7.671067,7.6382017,7.8174243,7.635695,7.6307397,7.6786256,7.744727494896693,-0.8535085487716408
5.0244045,5.073846,5.272616,5.109551,5.090597,5.114203,5.795880017344075,-11.761407052550451
5.755128,6.076469,5.91132,5.9864764,5.771409,5.9001603,6.301029995663981,-6.361970714109432
5.583084,5.336872,5.467272,5.6935735,5.592435,5.5346475,5.158640529545145,7.288876459864638
4.601941,4.385598,4.887962,4.796981,4.6287365,4.6602435,3.880582435427122,20.091341667040627
7.319002,7.4189324,7.4799066,7.553086,7.620035,7.4781923,7.136677139879544,4.7853529427416195
5.347754,5.8470592,5.7878714,5.5903654,5.4262724,5.599865,4.703334809738469,19.061584731795435
6.0523887,5.7374425,5.989692,5.76461,5.476096,5.8040457,5.693789491832239,1.9364289022448542
5.1451573,5.7224083,5.46293,5.215813,5.276881,5.364638,6.031517051446065,-11.05657488891774
7.1286874,7.081116,7.208739,7.2872453,7.3431454,7.209787,7.080921907623926,1.8198899238612212
8.155681,7.933506,8.086961,8.369366,7.9061,8.0903225,8.140261433802854,-0.6134807794826329
7.677375,7.9330397,7.696778,8.186578,7.7231894,7.8433924,6.853871964321762,14.437392658640155
7.5465264,7.582688,7.738079,7.7076836,7.6727037,7.649536,7.552841968657781,1.2802355001729633
4.9325714,4.82369,4.867473,4.5749707,4.765877,4.7929163,4.508638306165727,6.305185123368851
7.5057936,7.504307,7.7615895,7.4266696,7.2420416,7.4880805,7.187086643357144,4.187981488680865
4.8704104,5.199824,4.892408,6.5336304,5.2583666,5.350928,5.568636235841013,-3.9095461954824864
4.5615063,4.7860956,4.874317,4.536231,4.6383114,4.679292,3.9788107009300617,17.605298510483237
6.2465377,6.452656,6.3541694,6.4624205,5.9401093,6.2911787,6.229147988357856,0.995813794537926
6.479762,6.453375,6.454879,5.933,6.0874023,6.281684,6.327902142064283,-0.7303877211230199
6.738793,6.4468594,6.8901834,6.308874,7.1582127,6.708585,6.242603971206976,7.46452628428317
7.7483864,7.666561,7.289746,7.7985754,7.661792,7.6330123,7.459670525209126,2.323718842197814
6.223321,5.7327266,6.214971,6.285172,6.093626,6.1099634,6.040958607678906,1.1422824398532003
6.0691957,6.0602217,5.9097915,5.3869376,5.771471,5.839524,6.795880017344075,-14.072588430585428
5.1376424,4.8656473,4.7546134,4.566618,4.837707,4.832446,4.747146969020107,1.79685040012859
4.8682623,4.9195447,5.0716305,4.8031297,4.6469297,4.8618994,5.177178354696896,-6.089783993926695
6.776465,6.8296747,6.6250453,6.7042136,7.2780504,6.8426905,6.481486060122113,5.572864067928807
3.9355495,4.029298,4.2814183,4.011216,3.908078,4.0331116,3.868172898666653,4.263994343578225
7.4548593,7.3287315,7.3924813,7.397151,7.160069,7.346658,6.958607314841775,5.576560041812472
6.343037,6.31453,6.2975726,5.8828807,6.7754855,6.3227015,6.638272163982407,-4.7538079491831695
7.729426,7.548899,7.6278,7.2214856,7.4287567,7.5112734,7.580044251510242,-0.9072620836257234
7.5738072,7.3883266,7.7329574,7.521036,7.534458,7.5501175,7.853871964321762,-3.8675760570819535
5.1262846,4.9670186,5.5722184,5.5443826,5.2987313,5.301727,5.468521082957745,-3.0500799456150998
6.5032673,6.529787,6.0448337,6.159143,6.072279,6.2618623,6.613798394599207,-5.321240467534915
6.31008,6.421927,6.283767,6.1617312,6.768058,6.389113,6.396494767797857,-0.11540411888838996
7.499959,7.1960354,7.374532,7.388321,6.998642,7.2914977,6.040958607678906,20.701004276017162
4.9808226,5.127299,5.1988163,4.9553404,5.104103,5.0732765,4.431798275933005,14.474445899894627
6.274252,6.4064107,6.114372,6.7258534,6.2638755,6.3569527,6.609948504,-3.827500874032104
6.3242865,5.748392,6.2160773,6.3269587,5.987221,6.1205873,6.443697499232713,-5.014359385014573
6.093319,6.1753902,5.9626956,6.14883,5.792859,6.0346193,5.853871964321762,3.0876549425700177
5.7257996,5.3433094,5.770392,5.7561755,5.648373,5.64881,5.42021640338319,4.217423981350326
5.6361284,5.649109,5.7164183,5.656937,5.1398993,5.5596986,5.1487416512809245,7.981696465822724
5.3511806,5.8879447,5.793059,5.3518066,5.410552,5.558909,5.987162775294828,-7.152867760675958
7.2455387,7.042344,7.342687,7.2533402,6.9135695,7.1594954,7.5376020021010435,-5.016272394017606
5.929048,6.1054163,6.2348742,6.539903,6.685631,6.2989745,7.154901959985743,-11.962811660662927
7.785529,7.684458,7.7450957,7.6841598,7.7201447,7.723878,7.795880017344075,-0.9235918252278142
5.9678717,5.6347857,5.842935,5.9688716,5.7228465,5.827462,5.935542010773082,-1.820892080736991
5.2777576,5.203521,5.129681,5.306398,5.2418456,5.231841,5.275724130399211,-0.831791844555406
6.552951,6.2991533,6.297745,6.349382,6.0419416,6.308234,6.431798275933005,-1.9211432922679124
7.858679,8.148319,8.0623,8.340282,8.295862,8.1410885,8.366531544420413,-2.6945820679178105
5.792071,5.717881,5.827533,5.6788483,5.7890625,5.7610793,6.0,-3.9820114771525064
8.138157,7.886516,8.0328455,8.00885,8.132344,8.039742,8.319211388493317,-3.3593198400062945
5.0698104,4.85155,4.776674,4.5827355,4.779681,4.8120904,4.060480747381382,18.510361118801942
6.2472577,6.5847373,6.6220407,6.6297865,6.641609,6.545087,6.080921907623926,7.633134581959809
8.214969,8.374716,8.244467,8.462887,8.318865,8.323179,8.140261433802854,2.247075387931495
4.9600334,4.9902835,5.0662794,4.7473493,4.974591,4.947707,4.987162775,-0.7911431924638499
6.3868237,6.187155,6.3515396,6.5755215,6.0692286,6.3140535,6.167491087293763,2.376370652072926
6.4081535,6.9831963,6.401233,6.912496,6.2465696,6.5903296,7.528341640981839,-12.459742645198228
4.8802276,4.835863,4.7632446,4.7923265,4.6332545,4.7809834,4.653647025549361,2.7362716119229367
5.903864,6.0257273,5.7813745,5.673966,5.6456423,5.806115,6.723538195826756,-13.644944353027292
8.259761,7.847348,8.037116,8.446486,7.8133626,8.080815,8.0,1.0101914405822754
7.9721274,7.5488133,7.653305,7.441337,7.6320744,7.6495314,7.769551078621726,-1.544744515690844
4.928445,5.135796,5.1029882,4.743321,5.194078,5.020926,5.0,0.4185199737548828
5.9320936,5.8285923,5.992533,5.8771324,6.0912895,5.9443283,6.2839966563652006,-5.405291677163357
5.147127,4.8620224,5.125917,4.9375043,4.7816973,4.9708533,4.482804102050026,10.88714152000572
6.183242,5.839807,5.972106,5.7876716,5.874917,5.931549,6.211831628858833,-4.512075879376306
7.3402624,7.5096464,7.712694,7.6776824,7.7423077,7.5965185,7.494850021680094,1.3565113987116577
7.5173635,6.816631,7.6002026,7.4909377,7.1756916,7.320165,7.494850021680094,-2.330731954030749
5.689168,5.180596,5.27284,5.291821,5.1634808,5.319581,4.790484985457369,11.04472820493418
5.7752542,6.580059,6.0867667,7.3185477,6.2221355,6.3965526,6.119186408,4.532729291446404
5.7897234,5.629211,5.6222835,5.6489797,5.0836215,5.554764,5.657577319,-1.8172712321474702
7.676962,7.58045,7.5553813,7.618488,7.1415896,7.5145745,7.236572006437063,3.841632765570868
5.2086034,5.3483133,5.809436,5.634091,5.0453997,5.4091682,5.187086643357144,4.281432243578737
5.913263,5.787268,5.8682303,5.510906,5.785899,5.7731133,5.638272163982407,2.3915320656456993
7.5704,7.384247,7.5885262,7.182504,7.70153,7.4854417,5.585026652029182,34.026964437192966
6.201332,6.5988655,6.8317547,6.0936093,6.547607,6.454633,6.823908740944319,-5.411495361847709
7.3777165,7.320674,7.3683014,7.3146806,7.669565,7.4101877,7.638272163982407,-2.986073785187669
7.9530087,7.822649,7.941845,7.6886587,7.687649,7.8187623,8.200659450546418,-4.656907782242928
4.54889,4.701435,4.586779,4.8031707,4.7849355,4.6850424,4.690369832574101,-0.11358275525484426
5.194506,5.430649,5.1209207,6.2594376,5.59291,5.519685,6.008773924307505,-8.139582865050622
5.2578745,4.7996006,4.900657,4.9164777,4.881976,4.951317,5.124938737,-3.387784955367871
7.154817,7.000246,7.004193,6.3359823,7.0010304,6.899254,7.318758762624412,-5.731913443464006
5.5041695,5.3088865,5.306953,5.4740577,4.9222174,5.303257,4.698970004336019,12.859988117220592
7.432653,7.991935,7.414682,8.186236,7.928316,7.790764,7.823908740944319,-0.4236358968554307
7.442301,7.2736444,7.3865523,7.2374344,7.5110536,7.3701973,6.958607314841775,5.914832705431407
5.1639857,5.2122135,5.4411173,5.5984945,5.0015607,5.2834744,5.376750709602099,-1.7348073082968813
