cid,Smiles,Standard Value,pIC50 Value
23647975.0,COc1cc(cc(Cc2cnc(N)nc2N)c1OC)C#CCCCC(O)=O,34.0,7.468521082957745
5578.0,COc1cc(Cc2cnc(N)nc2N)cc(OC)c1OC,2722.0,5.565111879132684
54369.0,COc1ccc(OC)c(Cc2cnc3nc(N)nc(N)c3c2C)c1,14.224,7.846978256373862
6481073.0,COc1ccc(OCCCC(O)=O)cc1Cc1cnc2nc(N)nc(N)c2c1C,1.9,8.721246399047171
6481074.0,COc1ccc(OCCCCC(O)=O)cc1Cc1cnc2nc(N)nc(N)c2c1C,2.3,8.638272163982407
6481075.0,COc1ccc(OCCCCCC(O)=O)cc1Cc1cnc2nc(N)nc(N)c2c1C,2.0,8.698970004336019
6481076.0,COc1ccc(OCCCC(O)=O)c(Cc2cnc3nc(N)nc(N)c3c2C)c1,2.3,8.638272163982407
6481077.0,COc1ccc(cc1Cc1cnc2nc(N)nc(N)c2c1C)C#CCCC(O)=O,0.46,9.337242168318426
6481078.0,COc1ccc(cc1Cc1cnc2nc(N)nc(N)c2c1C)C#CCCCC(O)=O,4.3,8.366531544420413
6481079.0,COc1ccc(cc1Cc1cnc2nc(N)nc(N)c2c1C)C#CCCCCC(O)=O,3.2,8.494850021680094
6481080.0,COc1ccc(C#CCCC(O)=O)c(Cc2cnc3nc(N)nc(N)c3c2C)c1,4.1,8.387216143280265
6481081.0,COc1ccc(C#CCCCC(O)=O)c(Cc2cnc3nc(N)nc(N)c3c2C)c1,5.8,8.236572006437063
11396736.0,Nc1nc(N)c2nc(CN3c4ccccc4C=Cc4cc(ccc34)C#CCC(O)=O)cnc2n1,100.0,7.0
11190448.0,Nc1nc(N)c2nc(CN3c4ccccc4C=Cc4cc(ccc34)C#CCCC(O)=O)cnc2n1,77.0,7.113509274827518
11431512.0,Nc1nc(N)c2nc(CN3c4ccccc4C=Cc4cc(ccc34)C#CCCCC(O)=O)cnc2n1,21.0,7.67778070526608
6481085.0,COc1cc(Cc2cnc(N)nc2N)cc(C#CCCC(O)=O)c1Br,15.0,7.823908740944319
6481086.0,CCOC(=O)CCCOc1ccc(OC)c(Cc2cnc3nc(N)nc(N)c3c2C)c1,3.4,8.468521082957745
6481087.0,CCOC(=O)CCCCOc1ccc(OC)c(Cc2cnc3nc(N)nc(N)c3c2C)c1,11.0,7.958607314841775
6481088.0,CCOC(=O)CCCCCOc1ccc(OC)c(Cc2cnc3nc(N)nc(N)c3c2C)c1,13.0,7.886056647693163
6481089.0,COc1ccc(OCc2ccccc2)c(Cc2cnc3nc(N)nc(N)c3c2C)c1,16.0,7.795880017344075
6481090.0,CCOC(=O)CCCOc1ccc(OC)cc1Cc1cnc2nc(N)nc(N)c2c1C,10.0,8.0
6481091.0,COc1ccc(I)cc1Cc1cnc2nc(N)nc(N)c2c1C,4.1,8.387216143280265
6481092.0,COc1ccc(I)c(Cc2cnc3nc(N)nc(N)c3c2C)c1,5.8,8.236572006437063
16732891.0,CCc1c(Sc2cccc3ccccc23)[nH]c2nc(N)nc(N)c12,3150.0,5.501689446210399
23647976.0,Cc1c(Sc2ccc3ccccc3c2)[nH]c2nc(N)nc(N)c12,880.0,6.055517327849832
16732892.0,CCc1c(Sc2ccc3ccccc3c2)[nH]c2nc(N)nc(N)c12,5120.0,5.29073003902417
16732893.0,CCc1c(Sc2ccc(cc2)[N+]([O-])=O)[nH]c2nc(N)nc(N)c12,320.0,6.494850021680094
16733029.0,CCc1c(Sc2ccc(Br)cc2)[nH]c2nc(N)nc(N)c12,11600.0,4.935542010773082
5742618.0,Cc1c(Sc2cccc(Cl)c2)[nH]c2nc(N)nc(N)c12,6940.0,5.158640529545145
16733030.0,CCc1c(Sc2cccc(Cl)c2)[nH]c2nc(N)nc(N)c12,500.0,6.301029995663981
5742619.0,Cc1c(Sc2ccc(Cl)cc2)[nH]c2nc(N)nc(N)c12,8930.0,5.049148541111453
16733031.0,CCc1c(Sc2ccc(Cl)cc2)[nH]c2nc(N)nc(N)c12,1540.0,5.8124792791635365
23647977.0,Cc1c(Sc2ccc(Cl)c(Cl)c2)[nH]c2nc(N)nc(N)c12,20000.0,4.698970004336019
16733032.0,CCc1c(Sc2ccc(Cl)c(Cl)c2)[nH]c2nc(N)nc(N)c12,27600.0,4.559090917934783
16733162.0,CCc1c(Sc2ccc(Cl)cc2Cl)[nH]c2nc(N)nc(N)c12,220.0,6.657577319177793
16733033.0,CCc1c(Sc2c(Cl)cccc2Cl)[nH]c2nc(N)nc(N)c12,3800.0,5.42021640338319
5742621.0,COc1ccc(Sc2[nH]c3nc(N)nc(N)c3c2C)cc1,2690.0,5.570247719997592
16733163.0,CCc1c(Sc2ccc(OC)cc2)[nH]c2nc(N)nc(N)c12,4620.0,5.335358024443875
5742623.0,COc1ccc(OC)c(Sc2[nH]c3nc(N)nc(N)c3c2C)c1,170.0,6.769551078621726
16733034.0,CCc1c(Sc2cc(OC)ccc2OC)[nH]c2nc(N)nc(N)c12,120.0,6.920818753952375
16733035.0,CCc1c(Sc2cccc(OC)c2)[nH]c2nc(N)nc(N)c12,1090.0,5.962573502059376
16733164.0,CCc1c(Sc2ccccc2)[nH]c2nc(N)nc(N)c12,180.0,6.7447274948966935
16733036.0,CCc1c(Sc2cccc3cccnc23)[nH]c2nc(N)nc(N)c12,160.0,6.795880017344075
16733165.0,CCc1c(Sc2c(C)cccc2C)[nH]c2nc(N)nc(N)c12,7100.0,5.1487416512809245
5583.0,COc1cc(NCc2ccc3nc(N)nc(N)c3c2C)cc(OC)c1OC,10.0,8.0
16110322.0,COc1cc(CCc2cnc(N)nc2N)cc(OC)c1OC,90200.0,4.044793462458058
16110323.0,COc1cc(CC#Cc2cnc(N)nc2N)cc(OC)c1OC,21700.0,4.663540266151471
16110337.0,COc1cc(CC#Cc2c(C)nc(N)nc2N)cc(OC)c1OC,880.0,6.055517327849832
16110338.0,COc1cc(cc(OC)c1OC)C(C)C#Cc1cnc(N)nc1N,3100.0,5.508638306165727
16110326.0,COc1cc(cc(OC)c1OC)C(C)C#Cc1c(C)nc(N)nc1N,120.0,6.920818753952375
16110339.0,COc1cc(cc(OC)c1OC)C(O)C#Cc1cnc(N)nc1N,17900.0,4.747146969020107
16110328.0,COc1cc(cc(OC)c1OC)C(O)C#Cc1c(C)nc(N)nc1N,9100.0,5.040958607678906
16110329.0,COC(C#Cc1cnc(N)nc1N)c1cc(OC)c(OC)c(OC)c1,9800.0,5.008773924307505
16110341.0,COC(C#Cc1c(C)nc(N)nc1N)c1cc(OC)c(OC)c(OC)c1,550.0,6.259637310505756
16110344.0,COc1cc(cc(OC)c1OC)[C@@H](C)C#Cc1c(C)nc(N)nc1N,1.4,8.853871964321762
16110334.0,COc1cc(cc(OC)c1OC)[C@H](C)C#Cc1c(C)nc(N)nc1N,13.0,7.886056647693163
10433577.0,Cc1c(Sc2ccc(cc2)C(=O)N[C@@H](CCC(O)=O)C(O)=O)[nH]c2nc(N)nc(N)c12,985.0,6.006563769502388
10433635.0,Cc1c(Sc2ccc(cc2)C(=O)N[C@@H](CCC(O)=O)C(O)=O)[nH]c2nc(N)[nH]c(=O)c12,2900.0,5.537602002101044
443388.0,Nc1nc2ccc(CN(CC#C)c3ccc(cc3)C(=O)N[C@@H](CCC(O)=O)C(O)=O)cc2c(=O)[nH]1,233.75,6.631248380455444
126941.0,CN(Cc1cnc2nc(N)nc(N)c2n1)c1ccc(cc1)C(=O)N[C@@H](CCC(O)=O)C(O)=O,29.625,7.528341640981839
104758.0,CN(Cc1ccc2nc(C)[nH]c(=O)c2c1)c1ccc(s1)C(=O)N[C@@H](CCC(O)=O)C(O)=O,1376.0,5.861381566100508
45040187.0,Nc1nc2[nH]cc(CCc3ccc(cc3)C(=O)N[C@@H](CCC(O)=O)C(O)=O)c2c(=O)[nH]1,1666.6666666666667,5.778151250383644
24742034.0,Cc1cc2nc(N)[nH]c(=O)c2n1Cc1ccc(cc1)C(=O)N[C@@H](CCC(O)=O)C(O)=O,126.5,6.897909474488163
24754609.0,Cc1cc2nc(N)[nH]c(=O)c2n1Cc1ccccc1,21450.0,4.668572703479257
24754835.0,Cc1cc2nc(N)[nH]c(=O)c2n1Cc1ccncc1,17500.0,4.756961951313706
24754675.0,Cc1cc2nc(N)[nH]c(=O)c2n1Cc1ccc(F)cc1,11900.0,4.924453038607469
24754909.0,Cc1cc2nc(N)[nH]c(=O)c2n1Cc1ccc(Cl)cc1,8675.0,5.0617305165370885
24754676.0,Cc1cc2nc(N)[nH]c(=O)c2n1Cc1ccc(Br)cc1,9135.0,5.039291448311444
24754976.0,Cc1cc2nc(N)[nH]c(=O)c2n1Cc1ccc(cc1)[N+]([O-])=O,14165.0,4.848783421143544
24754977.0,COc1ccc(Cn2c(C)cc3nc(N)[nH]c(=O)c23)cc1,10250.0,4.989276134608227
24754677.0,Cc1cc2nc(N)[nH]c(=O)c2n1Cc1ccc(OC(F)(F)F)cc1,6650.0,5.177178354696896
24754978.0,Cc1cc2nc(N)[nH]c(=O)c2n1Cc1cc(Cl)cc(Cl)c1,20500.0,4.688246138944246
24754678.0,Cc1cc2nc(N)[nH]c(=O)c2n1Cc1cc(Br)cc(Br)c1,22000.0,4.657577319177793
24754979.0,Cc1cc2nc(N)[nH]c(=O)c2n1Cc1ccc(Cl)c(Cl)c1,14300.0,4.844663962534939
11248226.0,Cc1sc2nc(N)[nH]c(=O)c2c1Sc1ccc(cc1)C(=O)N[C@@H](CCC(O)=O)C(O)=O,22.0,7.657577319177793
44201386.0,CCc1sc2nc(N)[nH]c(=O)c2c1Sc1ccc(cc1)C(=O)N[C@@H](CCC(O)=O)C(O)=O,46.05,7.336770365467133
44221343.0,CCc1sc2nc(N)[nH]c(=O)c2c1Sc1ccccc1,4216.5,5.375047895336878
44221143.0,CCc1sc2nc(N)[nH]c(=O)c2c1Sc1ccc(Cl)cc1,1104.5,5.956834279792546
44221344.0,CCc1sc2nc(N)[nH]c(=O)c2c1Sc1ccc(cc1)[N+]([O-])=O,504.35,6.297267974835735
44221144.0,CCc1sc2nc(N)[nH]c(=O)c2c1Sc1cc(OC)ccc1OC,11507.0,4.939037886906167
44221345.0,CCc1sc2nc(N)[nH]c(=O)c2c1Sc1ccc(Cl)c(Cl)c1,504.05,6.297526380921445
44221145.0,CCc1sc2nc(N)[nH]c(=O)c2c1Sc1cc(Cl)cc(Cl)c1,807.0,6.09312646527793
44221346.0,CCc1sc2nc(N)[nH]c(=O)c2c1Sc1ccc2ccccc2c1,554.2,6.256333478553787
44221347.0,CCc1sc2nc(N)[nH]c(=O)c2c1Sc1ccncc1,858.5,6.066259700503065
44221146.0,CCc1sc2nc(N)[nH]c(=O)c2c1Sc1ccc(F)cc1,1312.5,5.8819006879220055
44221538.0,CCc1sc2nc(N)[nH]c(=O)c2c1Sc1ccc(Br)cc1,1106.5,5.956048581736724
44221147.0,CCc1sc2nc(N)[nH]c(=O)c2c1Sc1cccc(Cl)c1,906.0,6.042871802323187
44221539.0,CCc1sc2nc(N)[nH]c(=O)c2c1Sc1cc(OC)cc(OC)c1,1162.0,5.934793871945688
44221340.0,CCc1sc2nc(N)[nH]c(=O)c2c1Sc1ccccc1Cl,1263.5,5.898424753744067
6477203.0,COc1ccccc1\C(C)=C\c1coc2nc(N)nc(N)c12,4000.0,5.3979400086720375
11687971.0,COc1ccccc1\C(C)=C/c1coc2nc(N)nc(N)c12,3940.0,5.404503778174426
44246319.0,CCC\C(=C\c1coc2nc(N)nc(N)c12)c1ccccc1OC,11800.0,4.928117992693875
44246320.0,COc1ccccc1\C(=C/c1coc2nc(N)nc(N)c12)C(C)C,7500.0,5.1249387366083
44246321.0,COc1ccccc1\C(=C/c1coc2nc(N)nc(N)c12)C1CC1,4600.0,5.337242168318426
44246322.0,CCCC\C(=C\c1coc2nc(N)nc(N)c12)c1ccccc1OC,30300.0,4.518557371497695
44246323.0,COc1ccccc1\C(CC(C)C)=C/c1coc2nc(N)nc(N)c12,24900.0,4.603800652904264
44246324.0,CCC(C)C(=C\c1coc2nc(N)nc(N)c12)\c1ccccc1OC,5700.0,5.2441251443275085
44246325.0,CCCC(Cc1coc2nc(N)nc(N)c12)c1ccccc1OC,30000.0,4.522878745280337
44246326.0,COc1ccccc1C(Cc1coc2nc(N)nc(N)c12)C(C)C,7000.0,5.154901959985743
44246327.0,COc1ccccc1C(Cc1coc2nc(N)nc(N)c12)C1CC1,4440.0,5.35261702988538
44246328.0,CCCCC(Cc1coc2nc(N)nc(N)c12)c1ccccc1OC,19600.0,4.707743928643524
44246329.0,COc1ccccc1C(CC(C)C)Cc1coc2nc(N)nc(N)c12,22200.0,4.653647025549361
44246330.0,CCC(C)C(Cc1coc2nc(N)nc(N)c12)c1ccccc1OC,15400.0,4.8124792791635365
129010564.0,NC(=N)NC(=N)Nc1ccc(OCCN2C(=O)c3ccccc3C2=O)cc1,40265.0,4.395072296571554
129010565.0,NC(=N)NC(=N)Nc1ccc(OCCCN2C(=O)c3ccccc3C2=O)cc1,135465.0,3.868172898666653
129010566.0,NC(=N)NC(=N)Nc1ccc(OCCCCN2C(=O)c3ccccc3C2=O)cc1,145281.0,3.837791179471481
129010567.0,CC1(C)N=C(N)N=C(N)N1c1ccc(OCCN2C(=O)c3ccccc3C2=O)cc1,424.0,6.372634143407267
129010568.0,CC1(C)N=C(N)N=C(N)N1c1ccc(OCCCN2C(=O)c3ccccc3C2=O)cc1,169.0,6.772113295386326
129010569.0,CC1(C)N=C(N)N=C(N)N1c1ccc(OCCCCN2C(=O)c3ccccc3C2=O)cc1,79.0,7.102372908709558
129010570.0,CC1(C)N=C(N)N=C(N)N1c1ccc(OCC(O)CN2C(=O)c3ccccc3C2=O)cc1,523.0,6.281498311132726
85643665.0,NC(=N)NC(=N)Nc1ccc(OCc2ccccc2)cc1,131649.0,3.880582435427122
46175135.0,NC(=N)NC(=N)Nc1ccc(OCc2cccc(Cl)c2)cc1,58464.0,4.233111474327556
129010571.0,NC(=N)NC(=N)Nc1ccc(OCc2ccccc2Cl)cc1,9948.0,5.0022642234021015
46175137.0,NC(=N)NC(=N)Nc1ccc(OCc2ccc(Cl)cc2Cl)cc1,111146.0,3.954106162377376
129010572.0,NC(=N)NC(=N)Nc1ccc(OCc2ccc(Br)cc2)cc1,21430.0,4.668977828958171
129010573.0,COc1cccc(COc2ccc(NC(=N)NC(N)=N)cc2)c1,8404.0,5.075513956266085
46175139.0,NC(=N)NC(=N)Nc1ccc(OCc2ccc(cc2)-c2ccccc2)cc1,111371.0,3.953227880792317
10448877.0,CC1(C)N=C(N)N=C(N)N1c1ccc(OCc2ccccc2)cc1,32.0,7.494850021680094
129010574.0,CC1(C)N=C(N)N=C(N)N1c1ccc(OCc2cccc(Cl)c2)cc1,20.0,7.698970004336019
129010575.0,CC1(C)N=C(N)N=C(N)N1c1ccc(OCc2ccccc2Cl)cc1,40.0,7.397940008672037
129010576.0,CC1(C)N=C(N)N=C(N)N1c1ccc(OCc2ccc(Cl)cc2Cl)cc1,29.0,7.5376020021010435
129010577.0,CC1(C)N=C(N)N=C(N)N1c1ccc(OCc2ccc(Br)cc2)cc1,33.0,7.481486060122113
129010578.0,COc1ccc(COc2ccc(cc2)N2C(N)=NC(N)=NC2(C)C)cc1,19.0,7.721246399047171
129010579.0,CC1(C)N=C(N)N=C(N)N1c1ccc(OCc2ccc(cc2)-c2ccccc2)cc1,12.0,7.920818753952375
4993.0,CCc1nc(N)nc(N)c1-c1ccc(Cl)cc1,311.0769230769231,6.507132205387873
122164615.0,Nc1ncc(N2CCN(CC2)c2ccc(Cl)c(Cl)c2)c(N)n1,15.4,7.812479279163537
134144326.0,Nc1ncc(N2CCN(CC2)c2cccc(c2)-c2ccccc2)c(N)n1,8.736666666666666,8.058654233773062
155548037.0,Nc1ncc(N2CCN(CC2)c2cccc(c2)C(F)(F)F)c(N)n1,61.85,7.208660296034861
137491959.0,Nc1ncc(N2CCN(CC2)c2ccccc2)c(N)n1,209.0,6.679853713888946
138460007.0,Nc1ncc(N2CCN(CC2)c2ccc(Cl)cc2)c(N)n1,45.85,7.33866065999396
155549118.0,Cc1cccc(c1)N1CCN(CC1)c1cnc(N)nc1N,75.45,7.122340755888391
130301096.0,Nc1ncc(N2CCN(CC2)c2cccc(Br)c2)c(N)n1,11.7,7.931814138253839
152598220.0,Nc1ncc(N2CCN(CC2)c2ccccc2-c2ccccc2)c(N)n1,30.95,7.509339346643864
157098233.0,Nc1ncc(N2CCC(CC2)c2ccccc2)c(N)n1,162.0,6.790484985457369
151656623.0,Cc1nc(N)nc(N)c1N1CCN(CC1)c1cccc(Cl)c1,8.13,8.089909454405932
13478352.0,Cc1nc(N)nc(N)c1N1CCN(CC1)c1ccccc1,26.3,7.580044251510242
161300264.0,CC1CN(CCN1c1cccc(c1)-c1ccccc1)c1cnc(N)nc1N,2.0,8.698970004336019
166611740.0,CC1CN(CCN1c1cnc(N)nc1N)c1cccc(c1)-c1ccccc1,138.0,6.860120913598763
626849.0,CCc1nc(N)nc(N)c1N1CCN(CC1)c1ccccc1,5.75,8.24033215531037
152056345.0,CCc1nc(N)nc(N)c1N1CCN(CC1)c1cccc(C)c1,3.47,8.459670525209127
166611741.0,CCc1nc(N)nc(N)c1N1CCN(CC1)c1cccc(OC)c1,4.37,8.359518563029578
166611742.0,CCc1nc(N)nc(N)c1N1CCN(CC1)c1ccccn1,6.46,8.189767482004916
138460136.0,CCc1nc(N)nc(N)c1N1CCN(CC1)c1ccc(F)cc1,6.92,8.159893905543242
151069622.0,CCc1nc(N)nc(N)c1N1CCN(CC1)c1ccncc1,269.0,6.570247719997592
57470745.0,CCCc1nc(N)nc(N)c1N1CCN(CC1)c1ccccc1,18.2,7.739928612014925
166611743.0,Nc1ncc(N2CCN(CC2)c2cccc(c2)-c2cccc(F)c2)c(N)n1,11.5,7.939302159646388
155510882.0,Nc1ncc(N2CCN(CC2)c2cccc(c2)C2CC2)c(N)n1,28.9,7.539102157243452
166611744.0,Nc1ncc(N2CCN(CC2)c2cccc(c2)-c2cccc(c2)C#N)c(N)n1,3.89,8.410050398674292
155565754.0,Nc1ncc(N2CCN(CC2)c2cccc(c2)-c2ncccn2)c(N)n1,27.25,7.564633493387339
155531623.0,Nc1ncc(N2CCN(CC2)c2cccc(c2)-c2cnccn2)c(N)n1,10.1,7.995678626217358
130301107.0,Cc1ncc(cn1)-c1cccc(c1)N1CCN(CC1)c1cnc(N)nc1N,4.234999999999999,8.373146585333274
155530674.0,Nc1ncc(N2CCN(CC2)c2cccc(c2)-c2ccnnc2)c(N)n1,6.015000000000001,8.220764368324136
138460276.0,Nc1ncc(N2CCN(CC2)c2cccc(c2)-c2cncnc2)c(N)n1,4.795,8.319211388493317
134812633.0,COc1ncc(cn1)-c1cccc(c1)N1CCN(CC1)c1cnc(N)nc1N,2.42,8.616184634019568
138460130.0,COc1ncccc1-c1cccc(c1)N1CCN(CC1)c1cnc(N)nc1N,6.17,8.209714835966759
166611745.0,CCc1ncc(cn1)-c1cccc(c1)N1CCN(CC1)c1cnc(N)nc1N,7.24,8.140261433802854
137481257.0,Nc1ncc(N2CCN(CC2)c2cccc(c2)C2CCOCC2)c(N)n1,34.7,7.459670525209126
166611746.0,Cc1ncc(cn1)-c1cccc(c1)C1CCN(CC1)c1cnc(N)nc1N,6.17,8.209714835966759
166611747.0,CN(C)c1ncc(cn1)-c1cccc(c1)N1CCN(CC1)c1cnc(N)nc1N,10.0,8.0
138459997.0,CCCc1nc(N)nc(N)c1N1CCC(CC1)c1ccccc1,11.7,7.931814138253839
158744604.0,CCCc1nc(N)nc(N)c1N1CCN(CC1)c1ccc(F)cc1,33.1,7.480172006224281
166611748.0,CNc1ncc(cn1)-c1cccc(c1)N1CCN(CC1)c1cnc(N)nc1N,5.62,8.250263684430939
166611749.0,Nc1ncc(N2CCN(CC2)c2cccc(c2)-c2cnc(nc2)N2CCC2)c(N)n1,7.24,8.140261433802854
152225368.0,CCCc1nc(N)nc(N)c1N1CCN(CC1)c1ccccn1,25.7,7.590066876668706
162265467.0,Nc1ncc(N2CCN(CC2)c2cccc(c2)-c2cnc(Cl)nc2)c(N)n1,6.76,8.170053304058364
151664291.0,CCCc1nc(N)nc(N)c1N1CCN(CC1)c1ncc(C)cn1,70.8,7.149966742310231
157905074.0,CCc1nc(N)nc(N)c1N1CCN(CC1)c1ccc(C)cc1,12.3,7.910094888560602
152506272.0,CCCc1nc(N)nc(N)c1N1CCN(CC1)c1ccc(OC)cn1,20.0,7.698970004336019
159439337.0,Nc1ncc(N2CCN(CC2)c2cccc(c2)N2CCOCC2)c(N)n1,138.0,6.860120913598763
138460138.0,CCc1nc(N)nc(N)c1N1CCN(CC1)c1ccc(F)cn1,4.17,8.379863945026242
152188656.0,CCc1nc(N)nc(N)c1N1CCN(CC1)c1ccc(C)cn1,5.89,8.229884705212898
138460149.0,Nc1nc(N)c(N2CCN(CC2)c2ccccc2)c(CC2CC2)n1,27.5,7.560667306169737
5271423.0,COc1ccc(cc1Cc1cnc(N)nc1N)C#Cc1ccc(cc1)C(O)=O,340.0,6.468521082957745
5271441.0,COc1cc(Cc2cnc(N)nc2N)cc(C#Cc2ccc(cc2)C(O)=O)c1OC,420.0,6.376750709602099
504023.0,COc1ccc(cc1Cc1cnc(N)nc1N)C#CCCCC(O)=O,32.0,7.494850021680094
44296584.0,CNc1ncc(Cc2cc(OC)c(OC)c(OC)c2)c(N)n1,2800.0,5.552841968657781
5271440.0,COc1cc(Cc2cnc(N)nc2N)cc(C#CCCCC(O)=O)c1OC,34.0,7.468521082957745
72468.0,COc1ccc(OC)c(NCc2cnc3nc(N)nc(N)c3c2C)c1,16.0,7.795880017344075
457351.0,COc1ccc(N(C)Cc2cnc3nc(N)nc(N)c3c2C)c(OC)c1,43.0,7.366531544420414
457349.0,CCOc1ccc(OCC)c(NCc2cnc3nc(N)nc(N)c3c2C)c1,18.666666666666668,7.728933227713462
457352.0,COc1ccc(cc1OC)N(C)Cc1cnc2nc(N)nc(N)c2c1C,29.0,7.5376020021010435
456205.0,Cc1c(CNc2cccc3ccccc23)cnc2nc(N)nc(N)c12,89.83333333333333,7.046562485196905
462576.0,COc1cc(cc(OC)c1OC)N(Cc1cnc2nc(N)nc(N)c2c1C)C(C)C,6.7,8.173925197299173
457345.0,COc1ccc(OC)c(c1)N(C)Cc1cnc2nc(N)nc(N)c2c1C,30.066666666666663,7.52191471717772
457355.0,COc1ccc(NCc2cnc3nc(N)nc(N)c3c2C)c(OC)c1,41.16666666666666,7.385454297123978
447815.0,COc1cc(cc(OC)c1OC)N(C)Cc1cnc2nc(N)nc(N)c2c1C,0.7728571428571429,9.111900774907689
462575.0,COc1cc(cc(OC)c1OC)N(CC#C)Cc1cnc2nc(N)nc(N)c2c1C,7.7,8.113509274827518
456204.0,COc1cc(NCc2cnc3nc(N)nc(N)c3c2C)cc(OC)c1OC,7.4,8.130768280269024
462577.0,CCN(Cc1cnc2nc(N)nc(N)c2c1C)c1cc(OC)c(OC)c(OC)c1,2.7,8.568636235841012
457350.0,CCOc1ccc(OCC)c(c1)N(C)Cc1cnc2nc(N)nc(N)c2c1C,76.33333333333333,7.117285772379774
72934.0,COc1cc(NCc2cnc3nc(N)nc(N)c3c2C)cc(OC)c1,4.366666666666666,8.359849959063899
382165.0,COc1cc(OC)cc(c1)N(C)Cc1cnc2nc(N)nc(N)c2c1C,40.0,7.397940008672037
457354.0,COc1ccc(NCc2cnc3nc(N)nc(N)c3c2C)cc1OC,6.766666666666667,8.16962521680645
462574.0,COc1ccc(NCc2cnc3nc(N)nc(N)c3c2C)c2ccccc12,23.0,7.638272163982407
462102.0,CN(Cc1ccc2nc(N)nc(N)c2n1)c1ccc(Cl)c(Cl)c1,50.66666666666666,7.29527766677489
464889.0,COc1cc(cc(OC)c1OC)N(C)Cc1ccc2nc(N)nc(N)c2n1,17.8,7.749579997691106
464891.0,CN(Cc1ccc2nc(N)nc(N)c2n1)c1cccc(Cl)c1,20.0,7.698970004336019
461917.0,COc1ccc(OC)c(NCc2ccc3nc(N)nc(N)c3c2Cl)c1,30.0,7.522878745280337
456895.0,CN(Cc1cnc2nc(N)nc(N)c2c1C)c1ccc(Cl)c(Cl)c1,27.0,7.568636235841013
464890.0,CN(Cc1ccc2nc(N)nc(N)c2n1)c1ccc(Cl)cc1,15.0,7.823908740944319
461918.0,COc1cc(NCc2ccc3nc(N)nc(N)c3c2Cl)cc(OC)c1OC,5.2,8.2839966563652
457778.0,COc1ccc(OC)c(NCc2ccc3nc(N)nc(N)c3n2)c1,113.33333333333331,6.945642337677407
457751.0,COc1cc(NCc2ccc3nc(N)nc(N)c3n2)cc(OC)c1OC,54.0,7.267606240177032
461919.0,COc1cc(cc(OC)c1OC)N(C)Cc1ccc2nc(N)nc(N)c2c1Cl,6.4,8.193820026016112
457341.0,Nc1nc(N)c2cc(CNc3cccc4ccccc34)ccc2n1,27.0,7.568636235841013
456431.0,COc1ccc(OC)c(NCc2cnc3nc(N)nc(N)c3n2)c1,6900.0,5.161150909262744
457344.0,COc1ccc(OC)c(c1)N(C)Cc1cnc2nc(N)nc(N)c2n1,210.0,6.6777807052660805
457346.0,COc1ccc(NCc2cnc3nc(N)nc(N)c3c2C)c(C)c1,7.2,8.142667503568731
460024.0,Cc1ccc(C)c(NCc2cnc3nc(N)nc(N)c3c2C)c1,16.0,7.795880017344075
457343.0,COc1ccc(C)cc1NCc1cnc2nc(N)nc(N)c2c1C,15.0,7.823908740944319
464022.0,Cc1c(CSc2ccc(Cl)cc2)cnc2nc(N)nc(N)c12,90.0,7.045757490560675
314603.0,Nc1nc(N)c2nc(CNc3ccc(Cl)cc3)cnc2n1,590.0,6.229147988357856
464992.0,Cc1c(CNc2ccc(Cl)cc2)cnc2nc(N)nc(N)c12,23.33333333333333,7.632023214705406
457353.0,Cc1c(CNc2cccc3CCCCc23)cnc2nc(N)nc(N)c12,26.0,7.585026652029182
464035.0,COc1ccc(cc1N(C)Cc1cnc2nc(N)nc(N)c2c1C)C(F)(F)F,38.0,7.42021640338319
462113.0,Cc1c(CCc2cccc3ccccc23)cnc2nc(N)nc(N)c12,26.0,7.585026652029182
464018.0,COc1cccc(SCc2cnc3nc(N)nc(N)c3n2)c1,1600.0,5.795880017344075
457342.0,COc1cc(NCc2cnc3nc(N)nc(N)c3c2C)cc(c1)C(F)(F)F,18.0,7.744727494896693
464021.0,Cc1cccc(SCc2cnc3nc(N)nc(N)c3n2)c1,1800.0,5.7447274948966935
456244.0,Nc1nc(N)c2nc(CCc3cccc4ccccc34)cnc2n1,820.0,6.086186147616283
464984.0,COc1ccc(SCc2cnc3nc(N)nc(N)c3c2C)cc1,63.0,7.200659450546418
456302.0,COc1ccc(OC)c(CCc2cnc3nc(N)nc(N)c3n2)c1,5400.0,5.267606240177032
456306.0,COc1ccc(OC)c(CCc2cnc3nc(N)nc(N)c3c2C)c1,7.9,8.102372908709558
464980.0,Cc1ccc(SCc2cnc3nc(N)nc(N)c3c2C)cc1,57.0,7.244125144327507
464033.0,COc1ccc(SCc2cnc3nc(N)nc(N)c3c2C)cc1OC,30.0,7.522878745280337
464020.0,Cc1ccc(SCc2cnc3nc(N)nc(N)c3n2)cc1,15000.0,4.823908740944319
464023.0,COc1cccc(SCc2cnc3nc(N)nc(N)c3c2C)c1,110.0,6.958607314841775
457339.0,COc1ccc(cc1NCc1cnc2nc(N)nc(N)c2n1)C(F)(F)F,10600.0,4.97469413473523
457338.0,COc1cc(NCc2cnc3nc(N)nc(N)c3n2)cc(c1)C(F)(F)F,890.0,6.050609993355088
464034.0,Cc1c(CSc2cccc(Cl)c2)cnc2nc(N)nc(N)c12,90.0,7.045757490560675
456432.0,COc1cc(NCc2cnc3nc(N)nc(N)c3n2)cc(OC)c1,110.0,6.958607314841775
464015.0,Nc1nc(N)c2nc(CSc3cccc(Cl)c3)cnc2n1,5700.0,5.2441251443275085
456272.0,Cc1c(CSc2cccc3ccccc23)cnc2nc(N)nc(N)c12,30.0,7.522878745280337
456430.0,COc1cc(NCc2cnc3nc(N)nc(N)c3n2)cc(OC)c1OC,1000.0,6.0
314604.0,Nc1nc(N)c2nc(CSc3ccccc3)cnc2n1,770.0,6.113509274827518
457334.0,COc1ccc(C)c(NCc2cnc3nc(N)nc(N)c3n2)c1,440.0,6.356547323513812
457369.0,Cc1cc(Cl)ccc1NCc1ccc2nc(N)nc(N)c2c1,33.0,7.481486060122113
456216.0,COc1cc(NCc2cnc3nc(N)nc(N)c3c2)cc(OC)c1OC,243.33333333333331,6.613798394599207
464024.0,Cc1cccc(SCc2cnc3nc(N)nc(N)c3c2C)c1,65.0,7.187086643357144
459887.0,CN(Cc1cnc2nc(N)nc(N)c2c1C)c1cccc2CCCCc12,16.0,7.795880017344075
464994.0,Nc1nc(N)c2cc(CNc3ccc(Cl)cc3)cnc2n1,300.0,6.522878745280337
464014.0,Nc1nc(N)c2nc(CSc3ccc(Cl)cc3)cnc2n1,16800.0,4.774690718274138
457335.0,COc1cccc(C)c1NCc1cnc2nc(N)nc(N)c2n1,1850.0,5.732828271596986
457337.0,COc1cccc(C)c1NCc1cnc2nc(N)nc(N)c2c1C,100.0,7.0
457336.0,COc1ccc(C)c(NCc2cnc3nc(N)nc(N)c3c2C)c1,23.0,7.638272163982407
72509.0,COc1ccc(cc1NCc1cnc2nc(N)nc(N)c2c1C)C(F)(F)F,22.0,7.657577319177793
464975.0,Cc1c(CSc2ccccc2)cnc2nc(N)nc(N)c12,34.0,7.468521082957745
314924.0,Nc1nc(N)c2nc(CNc3cccc4ccccc34)cnc2n1,76.0,7.119186407719209
456245.0,Nc1nc(N)c2cc(CNc3cccc4ccccc34)cnc2n1,150.0,6.823908740944319
464985.0,COc1ccc(SCc2cnc3nc(N)nc(N)c3n2)cc1OC,23200.0,4.634512015109101
317602.0,Nc1nc(N)c2cc(CNc3ccc(Cl)cc3)ccc2n1,75.0,7.1249387366083
457340.0,COc1ccc(OC)c(NCc2ccc3nc(N)nc(N)c3c2)c1,140.0,6.853871964321762
464019.0,COc1ccc(SCc2cnc3nc(N)nc(N)c3n2)cc1,14000.0,4.853871964321762
456341.0,Nc1nc(N)c2nc(CSc3cccc4ccccc34)cnc2n1,7000.0,5.154901959985743
444617.0,COc1ccc(OC)c(CN(C)c2cnc3nc(N)nc(N)c3c2)c1,17.150000000000002,7.76573587562121
479412.0,COc1cc(CNc2cnc3nc(N)nc(N)c3c2)cc(OC)c1OC,365.0,6.437707135543525
479416.0,COc1ccc(CN(C)c2cnc3nc(N)nc(N)c3c2)c(OC)c1OC,26.0,7.585026652029182
479281.0,CN(Cc1ccccc1)c1cnc2nc(N)nc(N)c2c1,33.0,7.481486060122113
447022.0,COc1cc(CN(C)c2cnc3nc(N)nc(N)c3c2)cc(OC)c1,29.666666666666668,7.527731248074749
479413.0,COc1ccc(OC)c(CNc2cnc3nc(N)nc(N)c3c2)c1,386.0,6.413412695328245
10068729.0,COc1cc(cc(OC)c1OC)N1CCC2C(CNc3nc(N)nc(N)c23)C1,290.0,6.537602002101044
469603.0,COc1cc(cc(OC)c1OC)N1CCC2=c3c(N)nc(N)nc3=NC(=O)C2=C1,1120.0,5.950781977329818
91935442.0,COc1cc(cc(OC)c1OC)[NH+]1Cc2cnc3nc(N)nc(N)c3c2C=C1,760.0,6.119186407719209
469604.0,COc1c(Cl)c(c(Cl)c(OC)c1OC)-n1ccc2c(c1)c(=O)nc1nc(N)nc(N)c21,2300.0,5.638272163982407
469605.0,COc1cc(cc(OC)c1OC)-n1ccc2c(c1)c(=O)nc1nc(N)nc(N)c21,333.3333333333333,6.477121254719663
473737.0,COc1cc(cc(OC)c1OC)N(C)Cc1c(Br)sc2nc(N)nc(N)c12,127000.0,3.896196279044043
473736.0,COc1ccc(OC)c(NCc2c(Br)sc3nc(N)nc(N)c23)c1,100000.0,4.0
68760.0,COc1cc(Cc2cnc(N)nc2N)cc(OC)c1Br,17.0,7.769551078621726
473735.0,COc1cc(NCc2c(Br)sc3nc(N)nc(N)c23)cc(OC)c1OC,34000.0,4.468521082957745
473739.0,Nc1nc(N)c2c(CNc3cc(Cl)c(c(Cl)c3)-n3cccc3)c(Br)sc2n1,26000.0,4.585026652029182
68916.0,CCOc1cc(Cc2cnc(N)nc2N)cc(OCC)c1-n1cccc1,475.0,6.323306390375134
473738.0,COc1ccc(OC)c(c1)N(C)Cc1c(Br)sc2nc(N)nc(N)c12,10000.0,5.0
469405.0,COc1cc(cc(OC)c1OC)N(C)Cc1cnc2nc(N)nc(N)c2c1,9.0,8.045757490560675
10691405.0,COc1cc(cc(OC)c1OC)N(Cc1cnc2nc(N)nc(N)c2c1)C=O,1100.0,5.958607314841775
469413.0,COc1ccc(CCc2cnc3nc(N)nc(N)c3c2)cc1,250.0,6.6020599913279625
6474985.0,COc1ccc(\C=C\c2cnc3nc(N)nc(N)c3c2)cc1OC,1400.0,5.853871964321762
469414.0,COc1cc(CCC2CNc3nc(N)nc(N)c3C2)cc(OC)c1OC,470.0,6.327902142064283
469412.0,COc1ccc(CCc2cnc3nc(N)nc(N)c3c2)cc1OC,200.0,6.698970004336019
469411.0,COc1cc(CCc2cnc3nc(N)nc(N)c3c2)cc(OC)c1OC,200.0,6.698970004336019
6474984.0,COc1cc(\C=C\c2cnc3nc(N)nc(N)c3c2)cc(OC)c1OC,1400.0,5.853871964321762
6474986.0,COc1ccc(\C=C\c2cnc3nc(N)nc(N)c3c2)cc1,1500.0,5.823908740944319
469415.0,COc1ccc(CCC2CNc3nc(N)nc(N)c3C2)cc1OC,1100.0,5.958607314841775
469406.0,CCN(Cc1cnc2nc(N)nc(N)c2c1)c1cc(OC)c(OC)c(OC)c1,49.0,7.309803919971486
479285.0,Nc1nc(N)c2CC(CNc3ccc(Cl)c(Cl)c3)CCc2n1,110.0,6.958607314841775
475795.0,Nc1nc(N)c2CC(CNc3cccc4ccccc34)CCc2n1,36.0,7.443697499232713
475796.0,CN(CC1CCc2nc(N)nc(N)c2C1)c1cccc2ccccc12,23.0,7.638272163982407
479291.0,COc1ccc(OC)c(NCC2CCc3nc(N)nc(N)c3C2)c1,180.66666666666663,6.743121968181276
479290.0,CCOc1ccc(OCC)c(c1)N(C)CC1CCc2nc(N)nc(N)c2C1,17.0,7.769551078621726
479288.0,Nc1nc(N)c2CC(CNc3cccc(Br)c3)CCc2n1,30.0,7.522878745280337
479424.0,CN(CC1CCc2nc(N)nc(N)c2C1)c1ccc(Cl)cc1,22.0,7.657577319177793
479295.0,Nc1nc(N)c2CC(CN3CCc4ccccc34)CCc2n1,27.0,7.568636235841013
479292.0,CCOc1ccc(OCC)c(NCC2CCc3nc(N)nc(N)c3C2)c1,140.0,6.853871964321762
479426.0,COc1cc(cc(OC)c1OC)N(CC#C)CC1CCc2nc(N)nc(N)c2C1,12.0,7.920818753952375
479293.0,Nc1nc(N)c2CC(CNc3cc(Cl)ccc3Cl)CCc2n1,97.0,7.013228265733755
479430.0,COc1cc(NCC2CCc3nc(N)nc(N)c3C2)cc(OC)c1OC,54.0,7.267606240177032
479296.0,COc1cc(CN(C)CC2CCc3nc(N)nc(N)c3C2)cc(OC)c1OC,330.0,6.481486060122113
479286.0,CN(CC1CCc2nc(N)nc(N)c2C1)c1ccc(Cl)c(Cl)c1,21.0,7.67778070526608
479284.0,COc1cc(cc(OC)c1OC)N(C)CC1CCc2nc(N)nc(N)c2C1,7.0,8.154901959985743
479289.0,Nc1nc(N)c2CC(CNc3c(Cl)cccc3Cl)CCc2n1,9.9,8.00436480540245
479407.0,COc1ccc(OC)c(c1)N(C)CC1CCc2nc(N)nc(N)c2C1,15.0,7.823908740944319
479425.0,CCN(CC1CCc2nc(N)nc(N)c2C1)c1cc(OC)ccc1OC,17.0,7.769551078621726
479294.0,Nc1nc(N)c2CC(CNc3ccc(Cl)cc3)CCc2n1,78.0,7.107905397309519
462120.0,Nc1nc(N)c2cc(NCc3ccccc3)ccc2n1,680.0,6.167491087293763
447021.0,COc1ccc(OC)c(CN(C)c2ccc3nc(N)nc(N)c3c2)c1,16.95,7.770830297460899
44342970.0,CN(Cc1cccc2CCCCc12)c1ccc2nc(N)nc(N)c2c1,12.55,7.901356274182943
462127.0,COc1cc(OC)c(OC)cc1CNc1ccc2nc(N)nc(N)c2c1,401.3333333333333,6.396494767797857
462125.0,COc1ccc(CN(C)c2ccc3nc(N)nc(N)c3c2)c(OC)c1OC,9.266666666666667,8.033076458801586
462129.0,COc1ccc(CN(C)c2ccc3nc(N)nc(N)c3c2)c(OC)c1,27.3,7.5638373529592435
462118.0,COc1ccc(OC)c(CNc2ccc3nc(N)nc(N)c3c2)c1,630.0,6.200659450546418
462119.0,COc1cc(CNc2ccc3nc(N)nc(N)c3c2)cc(OC)c1,600.0,6.221848749616356
462123.0,COc1cc(CN(C)c2ccc3nc(N)nc(N)c3c2)cc(OC)c1,6.233333333333334,8.205279648183163
462122.0,COc1ccc(CNc2ccc3nc(N)nc(N)c3c2)c(OC)c1OC,603.3333333333334,6.219442679850478
291270.0,COc1cc(CNc2ccc3nc(N)nc(N)c3c2)cc(OC)c1OC,641.3333333333334,6.192916187017868
44343198.0,Nc1nc(N)c2cc(NCc3cccc4CCCCc34)ccc2n1,94.5,7.024568191490737
462124.0,COc1cc(OC)c(CNc2ccc3nc(N)nc(N)c3c2)c(OC)c1,850.0,6.070581074285707
462121.0,COc1ccc(CNc2ccc3nc(N)nc(N)c3c2)c(OC)c1,576.6666666666666,6.239075151590867
5742589.0,COc1ccc(NCc2c[nH]c3nc(N)nc(N)c23)cc1,6000.0,5.221848749616356
5742599.0,Nc1nc(N)c2c(CNc3ccccc3)c[nH]c2n1,3900.0,5.4089353929735005
5481065.0,Nc1nc(N)c2c(CNc3ccc(Cl)c(Cl)c3)c[nH]c2n1,1400.0,5.853871964321762
5481064.0,COc1ccc(OC)c(NCc2c[nH]c3nc(N)nc(N)c23)c1,1700.0,5.769551078621726
5742600.0,COc1ccc(NCc2c[nH]c3nc(N)nc(N)c23)cc1OC,4300.0,5.366531544420414
11396216.0,Nc1nc(N)c2c(CNc3ccc(cc3)C(=O)NC(CCC(O)=O)C(O)=O)c[nH]c2n1,210.0,6.6777807052660805
5481066.0,Nc1nc(N)c2c(CNc3cccc4ccccc34)c[nH]c2n1,1100.0,5.958607314841775
5742601.0,COc1cc(NCc2c[nH]c3nc(N)nc(N)c23)cc(OC)c1OC,8100.0,5.091514981121351
10450058.0,CCOc1ccc(OCC)c(NCc2c[nH]c3nc(N)nc(N)c23)c1,5300.0,5.275724130399211
10710507.0,CN(c1ccc2ccccc2c1)c1ccc2nc(N)nc(N)c2n1,15.0,7.823908740944319
462130.0,COc1cc(CCC2CCc3nc(N)nc(N)c23)cc(OC)c1OC,1400.0,5.853871964321762
462131.0,COc1cc(CCCC2CCc3nc(N)nc(N)c23)cc(OC)c1OC,140.0,6.853871964321762
483687.0,COc1cc(CC2CCc3nc(N)nc(N)c23)cc(OC)c1OC,21000.0,4.6777807052660805
478873.0,Nc1nc(N)c2c(CSc3ccccc3)coc2n1,26000.0,4.585026652029182
462095.0,COc1ccc(OC)c(c1)N(C)Cc1coc2nc(N)nc(N)c12,27000.0,4.568636235841013
478877.0,CN(Cc1coc2nc(N)nc(N)c12)c1cc(Cl)c(Cl)c(Cl)c1,21500.0,4.667561540084395
478874.0,Nc1nc(N)c2c(CSc3ccc4ccccc4c3)coc2n1,11600.0,4.935542010773082
457717.0,Nc1nc(N)c2c(CSc3cccc4ccccc34)coc2n1,19000.0,4.721246399047171
478878.0,COc1cccc(NCc2coc3nc(N)nc(N)c23)c1,31300.0,4.504455662453552
457763.0,Nc1nc(N)c2c(CNc3ccccc3-c3ccccc3)coc2n1,45400.0,4.342944147142896
457765.0,Nc1nc(N)c2c(CNc3ccccc3Oc3ccccc3)coc2n1,12000.0,4.920818753952375
457719.0,Nc1nc(N)c2c(CNc3ccc4ccccc4c3)coc2n1,38000.0,4.42021640338319
457718.0,Nc1nc(N)c2c(CNc3cccc4ccccc34)coc2n1,37000.0,4.431798275933005
462094.0,CN(Cc1coc2nc(N)nc(N)c12)c1ccc2ccccc2c1,23600.0,4.627087997029894
478875.0,Nc1nc(N)c2c(CNc3cc(Cl)ccc3Cl)coc2n1,47000.0,4.327902142064283
457780.0,Nc1nc(N)c2c(COc3ccc4ccccc4c3)coc2n1,42000.0,4.376750709602099
478876.0,CN(Cc1coc2nc(N)nc(N)c12)c1ccc(Cl)c(Cl)c1,27000.0,4.568636235841013
457764.0,Nc1nc(N)c2c(CNc3ccc(Oc4ccccc4)cc3)coc2n1,32400.0,4.489454989793388
269323.0,Nc1nc(N)c2cc(CNc3ccc(cc3)C(=O)NC(CCC(O)=O)C(O)=O)cnc2n1,0.0021,11.67778070526608
468710.0,Nc1nc(N)c2c(CNc3cc(Cl)c(Cl)c(Cl)c3)coc2n1,3900.0,5.4089353929735005
3439.0,CN(Cc1coc2nc(N)nc(N)c12)c1ccc(cc1)C(=O)NC(CCC(O)=O)C(O)=O,19800.0,4.703334809738469
468709.0,COc1cc(NCc2coc3nc(N)nc(N)c23)cc(OC)c1OC,4000.0,5.3979400086720375
468711.0,Nc1nc(N)c2c(CNc3ccc(Cl)c(Cl)c3)coc2n1,89300.0,4.049148541111453
468712.0,COc1ccc(OC)c(NCc2coc3nc(N)nc(N)c23)c1,21000.0,4.6777807052660805
468708.0,Nc1nc(N)c2c(CNc3ccc(cc3)C(=O)NC(CCC(O)=O)C(O)=O)coc2n1,700.0,6.154901959985743
456227.0,Nc1nc(N)c2c3CCN(Cc4ccccc4)Cc3sc2n1,850.0,6.070581074285707
457122.0,CN(Cc1cnc2nc(N)nc(N)c2c1C)c1cc(Cl)c(Cl)c(Cl)c1,38.05,7.419645338893408
456896.0,Cc1c(CNc2cc(Cl)c(Cl)c(Cl)c2)cnc2nc(N)nc(N)c12,12.0,7.920818753952375
456897.0,Cc1c(CN(C=O)c2cc(Cl)c(Cl)c(Cl)c2)cnc2nc(N)nc(N)c12,94.0,7.026872146400302
456894.0,Cc1c(CN(C=O)c2ccc(Cl)c(Cl)c2)cnc2nc(N)nc(N)c12,83.0,7.080921907623926
456217.0,COc1cc(cc(OC)c1OC)N(Cc1cnc2nc(N)nc(N)c2c1C)C=O,13.0,7.886056647693163
456893.0,Cc1c(CNc2ccc(Cl)c(Cl)c2)cnc2nc(N)nc(N)c12,28.0,7.552841968657781
25107642.0,Cc1sc2nc(N)[nH]c(=O)c2c1Sc1cc(Cl)cc(Cl)c1,1182.0,5.927382523454764
25107644.0,Cc1sc2nc(N)[nH]c(=O)c2c1Sc1ccc(Cl)c(Cl)c1,614.0,6.211831628858833
25107643.0,Cc1sc2nc(N)[nH]c(=O)c2c1Sc1ccncc1,717.0,6.1444808443322
25107645.0,Cc1sc2nc(N)[nH]c(=O)c2c1Sc1ccc2ccccc2c1,622.0,6.206209615309181
25107646.0,Cc1sc2nc(N)[nH]c(=O)c2c1Sc1ccc(F)cc1,2024.0,5.693789491832239
44568860.0,Cc1sc2nc(N)[nH]c(=O)c2c1Sc1ccc(cc1)C(=O)N(CCC(O)=O)C(O)=O,22.0,7.657577319177793
44568875.0,COc1ccc(OC)c(Sc2c(C)[nH]c3nc(N)[nH]c(=O)c23)c1,11528.0,4.938246032194067
1405.0,Nc1nc2ccc(CN(CC#C)c3ccc(cc3)C(=O)NC(CCC(O)=O)C(O)=O)cc2c(=O)[nH]1,360.0,6.443697499232713
10404647.0,Cc1sc2nc(N)[nH]c(=O)c2c1Sc1ccc(cc1)[N+]([O-])=O,628.0,6.202040356262804
25107640.0,Cc1sc2nc(N)[nH]c(=O)c2c1Sc1ccc(Cl)cc1,1315.5,5.880909147578278
25107577.0,Cc1sc2nc(N)[nH]c(=O)c2c1Sc1ccccc1,4260.0,5.370590400897281
72725330.0,Nc1nc2[nH]c3cccc(Sc4cccc5ccccc45)c3c2c(=O)[nH]1,36.0,7.443697499232713
72725265.0,Nc1nc2[nH]c3cccc(Sc4ccccc4)c3c2c(=O)[nH]1,23.0,7.638272163982407
72725264.0,Nc1nc2[nH]c3cccc(Sc4ccc5ccccc5c4)c3c2c(=O)[nH]1,21.0,7.67778070526608
457748.0,COc1cccc(NCc2ccc3nc(N)nc(N)c3n2)c1,100.0,7.0
466051.0,Nc1nc(N)c2nc(CNc3ccc(Cl)cc3Cl)ccc2n1,50.0,7.301029995663981
462107.0,CN(Cc1ccc2nc(N)nc(N)c2n1)c1cc(Cl)ccc1Cl,25.0,7.602059991327962
457774.0,Nc1nc(N)c2nc(CNc3cc(Cl)c(Cl)c(Cl)c3)ccc2n1,87.0,7.060480747381382
457772.0,Nc1nc(N)c2nc(CN(CC#C)c3ccc(cc3)C(=O)C(F)(F)F)ccc2n1,54.0,7.267606240177032
457745.0,Nc1nc(N)c2nc(CNc3ccc4ccccc4c3)ccc2n1,160.0,6.795880017344075
462106.0,Nc1nc(N)c2nc(CNc3cc(Cl)ccc3Cl)ccc2n1,91.0,7.040958607678906
457768.0,CC(=O)c1ccc(NCc2ccc3nc(N)nc(N)c3n2)cc1,27.0,7.568636235841013
462104.0,CN(Cc1ccc2nc(N)nc(N)c2n1)c1cc(Cl)c(Cl)c(Cl)c1,38.0,7.42021640338319
457750.0,Nc1nc(N)c2nc(CNc3ccccc3Cl)ccc2n1,110.0,6.958607314841775
466052.0,Nc1nc(N)c2nc(CSc3cccc4ccccc34)ccc2n1,49.0,7.309803919971486
457744.0,Nc1nc(N)c2nc(CNc3ccc(Cl)c(Cl)c3)ccc2n1,57.0,7.244125144327507
462109.0,CN(Cc1ccc2nc(N)nc(N)c2n1)c1c(Cl)cccc1Cl,30.0,7.522878745280337
457775.0,Nc1nc(N)c2nc(CNc3c(Cl)cccc3Cl)ccc2n1,28.0,7.552841968657781
462108.0,CN(Cc1ccc2nc(N)nc(N)c2n1)c1ccccc1Cl,15.0,7.823908740944319
462099.0,CN(Cc1ccc2nc(N)nc(N)c2n1)c1ccc2ccccc2c1,16.0,7.795880017344075
466053.0,Nc1nc(N)c2nc(CSc3ccc4ccccc4c3)ccc2n1,48.0,7.318758762624412
462105.0,CN(Cc1ccc2nc(N)nc(N)c2n1)c1ccc(Cl)cc1Cl,50.0,7.301029995663981
462110.0,CN(Cc1ccc2nc(N)nc(N)c2n1)c1c(Cl)cc(Cl)cc1Cl,44.0,7.356547323513813
457746.0,COc1ccc(NCc2ccc3nc(N)nc(N)c3n2)cc1OC,90.0,7.045757490560675
462100.0,CN(Cc1ccc2nc(N)nc(N)c2n1)c1cccc2ccccc12,18.0,7.744727494896693
462103.0,CN(Cc1ccc2nc(N)nc(N)c2n1)c1ccccc1,4.62,8.335358024443874
466055.0,COc1ccc(NCc2ccc3nc(N)nc(N)c3n2)c(OC)c1,140.0,6.853871964321762
457752.0,COc1ccc(cc1)N(C)Cc1ccc2nc(N)nc(N)c2n1,16.0,7.795880017344075
457769.0,CN(Cc1ccc2nc(N)nc(N)c2n1)c1ccc(cc1)C(C)=O,15.0,7.823908740944319
462097.0,COc1ccc(N(C)Cc2ccc3nc(N)nc(N)c3n2)c(OC)c1,14.0,7.853871964321762
466050.0,Nc1nc(N)c2nc(CSc3ccccc3)ccc2n1,130.0,6.886056647693163
457773.0,Nc1nc(N)c2nc(CNc3ccccc3)ccc2n1,85.0,7.070581074285707
457749.0,COc1ccccc1NCc1ccc2nc(N)nc(N)c2n1,120.0,6.920818753952375
457776.0,COc1ccc(NCc2ccc3nc(N)nc(N)c3n2)cc1,54.0,7.267606240177032
462101.0,COc1ccccc1N(C)Cc1ccc2nc(N)nc(N)c2n1,26.0,7.585026652029182
457770.0,CC(=O)c1ccc(cc1)N(CC#C)Cc1ccc2nc(N)nc(N)c2n1,20.0,7.698970004336019
457771.0,CN(Cc1ccc2nc(N)nc(N)c2n1)c1ccc(cc1)C(=O)C(F)(F)F,46.0,7.337242168318426
466054.0,Nc1nc(N)c2nc(CNc3cccc4ccccc34)ccc2n1,26.0,7.585026652029182
462098.0,COc1cccc(c1)N(C)Cc1ccc2nc(N)nc(N)c2n1,15.0,7.823908740944319
462096.0,COc1ccc(cc1OC)N(C)Cc1ccc2nc(N)nc(N)c2n1,9.8,8.008773924307505
457779.0,Nc1nc(N)c2nc(CNc3c(Cl)cc(Cl)cc3Cl)ccc2n1,46.0,7.337242168318426
457747.0,Nc1nc(N)c2nc(CNc3cccc(Cl)c3)ccc2n1,130.0,6.886056647693163
457777.0,COc1ccc(OC)c(c1)N(C)Cc1ccc2nc(N)nc(N)c2n1,137.5,6.861697301833718
479282.0,CN(CCc1ccccc1)c1cnc2nc(N)nc(N)c2c1,920.0,6.036212172654444
479415.0,Nc1nc(N)c2cc(NCc3ccc(Oc4ccccc4)cc3)cnc2n1,3700.0,5.431798275933005
44281405.0,COc1ccc2c(CNc3cnc4nc(N)nc(N)c4c3)cccc2c1,710.0,6.1487416512809245
479418.0,COc1cc(CNc2cnc3nc(N)nc(N)c3c2)cc(OC)c1,1200.0,5.920818753952375
479414.0,COc1cc(OC)c(CNc2cnc3nc(N)nc(N)c3c2)c(OC)c1,230.0,6.638272163982407
479421.0,Nc1nc(N)c2cc(NCc3ccccc3)cnc2n1,520.0,6.2839966563652006
479410.0,COc1ccc(CNc2cnc3nc(N)nc(N)c3c2)c(OC)c1OC,510.0,6.292429823902063
447229.0,COc1cc(CN(C)c2cnc3nc(N)nc(N)c3c2)cc(OC)c1OC,14.0,7.853871964321762
479422.0,COc1cc(cc(OC)c1OC)C(C)Nc1cnc2nc(N)nc(N)c2c1,194.0,6.7121982700697735
479417.0,COc1ccc(CNc2cnc3nc(N)nc(N)c3c2)cc1OC,730.0,6.136677139879544
479420.0,COc1ccc(CNc2cnc3nc(N)nc(N)c3c2)c2ccccc12,380.0,6.42021640338319
479411.0,COc1cc(OC)c(OC)cc1CNc1cnc2nc(N)nc(N)c2c1,480.0,6.318758762624412
479419.0,Nc1nc(N)c2cc(NCc3cccc4ccccc34)cnc2n1,980.0,6.008773924307505
479423.0,Nc1nc(N)c2cc(NCCc3ccccc3)cnc2n1,4450.0,5.351639989019068
469433.0,COc1cc(NCc2cnc3nc(N)nc(N)c3c2C)c(cc1OC)-n1cccc1,600.0,6.221848749616356
469428.0,COc1ccc2N(Cc3cnc4nc(N)nc(N)c4c3C)CCc2c1,57.0,7.244125144327507
469429.0,COc1cc2CCN(Cc3cnc4nc(N)nc(N)c4c3C)c2cc1OC,49.0,7.309803919971486
469430.0,COc1ccc2n(Cc3cnc4nc(N)nc(N)c4c3C)ccc2c1,77.0,7.113509274827518
469432.0,COc1cc(c(OC)cc1NCc1cnc2nc(N)nc(N)c2c1C)-n1cccc1,33.0,7.481486060122113
469431.0,COc1cc2CCN(Cc3cnc4nc(N)nc(N)c4c3C)Cc2cc1OC,110.0,6.958607314841775
469434.0,Cc1c(C)c(c(C)c(C)c1NCc1cnc2nc(N)nc(N)c2c1C)-n1cccc1,75.0,7.1249387366083
469427.0,COc1cccc2N(Cc3cnc4nc(N)nc(N)c4c3C)CCc12,48.0,7.318758762624412
469435.0,COc1ccc(cc1NCc1cnc2nc(N)nc(N)c2c1C)-c1ccccc1,68.0,7.167491087293763
5480470.0,COc1ccc(SCc2c[nH]c3nc(N)nc(N)c23)cc1OC,2600.0,5.585026652029182
5480467.0,COc1ccc(OC)c(c1)N(C)Cc1c[nH]c2nc(N)nc(N)c12,3400.0,5.468521082957745
5480472.0,Nc1nc(N)c2c(CSc3ccc4ccccc4c3)c[nH]c2n1,9200.0,5.036212172654444
5480466.0,CN(Cc1c[nH]c2nc(N)nc(N)c12)c1cccc2ccccc12,870.0,6.060480747381382
5480471.0,Nc1nc(N)c2c(CSc3cccc4ccccc34)c[nH]c2n1,810.0,6.091514981121351
5480469.0,Nc1nc(N)c2c(CSc3ccc(Cl)c(Cl)c3)c[nH]c2n1,11600.0,4.935542010773082
5480465.0,CN(Cc1c[nH]c2nc(N)nc(N)c12)c1ccc(Cl)c(Cl)c1,1000.0,6.0
44271419.0,CN(Cc1c[nH]c2nc(N)nc(N)c12)c1ccc(cc1)C(=O)N(C)C(CCC(O)=O)C(O)=O,150.0,6.823908740944319
343098.0,CCc1nc(N)nc(N)c1-c1ccc(Cl)c(c1)N=[N+]=[N-],690.0,6.161150909262744
332598.0,CCc1nc(N)nc(N)c1-c1ccc(Cl)c(c1)\N=N\N(C)C,310.0,6.508638306165727
341268.0,CCc1nc(N)nc(N)c1-c1ccc(Cl)c(c1)\N=C\N(C)C,1600.0,5.795880017344075
456234.0,CCc1nc(N)nc(N)c1-c1ccc(Cl)c(c1)\N=N\N1CCOCC1,190.0,6.721246399047171
72438.0,CCc1nc(N)nc(N)c1-c1ccc(N(C)Cc2ccccc2)c(c1)[N+]([O-])=O,91.0,7.040958607678906
457258.0,CCc1nc(N)nc(N)c1-c1ccc(Cl)c(c1)\N=N\N(CCOC)CCOC,8800.0,5.055517327849831
1987.0,CCc1nc(N)nc(N)c1-c1ccc(Cl)c(c1)\N=N\N(CCOC(C)=O)Cc1ccccc1,690.0,6.161150909262744
3331411.0,CCc1nc(N)nc(N)c1-c1ccc(Cl)c(c1)[N+]#N,23.0,7.638272163982407
327404.0,CCc1nc(N)nc(N)c1-c1ccc(Cl)c(c1)[N+]([O-])=O,13.0,7.886056647693163
473567.0,COc1ccc(-c2nc3nc(N)nc(N)c3[nH]2)c(OC)c1OC,1800.0,5.7447274948966935
473569.0,COc1cc(OC)c(cc1OC)-c1nc2nc(N)nc(N)c2[nH]1,1500.0,5.823908740944319
462087.0,Nc1nc(N)c2[nH]c(CSc3ccc4ccccc4c3)nc2n1,45000.0,4.346787486224656
473573.0,Nc1nc(N)c2[nH]c(nc2n1)-c1ccc(Cl)c(Cl)c1,6700.0,5.173925197299173
457740.0,COc1ccc(-c2nc3nc(N)nc(N)c3[nH]2)c2ccccc12,13000.0,4.886056647693163
457739.0,Nc1nc(N)c2[nH]c(nc2n1)-c1ccncc1,20000.0,4.698970004336019
99545.0,Nc1nc(N)c2[nH]c(nc2n1)-c1ccccc1,28000.0,4.552841968657781
462086.0,COc1ccc(OC)c(NCc2nc3nc(N)nc(N)c3[nH]2)c1,49000.0,4.309803919971486
473574.0,Nc1nc(N)c2[nH]c(nc2n1)-c1c(Cl)cccc1Cl,11000.0,4.958607314841775
457738.0,Nc1nc(N)c2[nH]c(nc2n1)-c1ccc(cc1)-c1ccccc1,32900.0,4.482804102050026
473570.0,COc1ccc(OC)c(c1)-c1nc2nc(N)nc(N)c2[nH]1,1700.0,5.769551078621726
5479794.0,COc1cc(cc(OC)c1O)-c1nc2nc(N)nc(N)c2[nH]1,1000.0,6.0
5479795.0,COc1cc(-c2nc3nc(N)nc(N)c3[nH]2)c(cc1OC)[N+]([O-])=O,16800.0,4.774690718274138
473572.0,COc1ccc(cc1OC)-c1nc2nc(N)nc(N)c2[nH]1,14200.0,4.847711655616943
457741.0,Nc1nc(N)c2[nH]c(nc2n1)-c1ccc2ccccc2c1,27000.0,4.568636235841013
473571.0,COc1cc(OC)cc(c1)-c1nc2nc(N)nc(N)c2[nH]1,3000.0,5.522878745280337
473568.0,COc1cc(OC)c(-c2nc3nc(N)nc(N)c3[nH]2)c(OC)c1,840.0,6.075720713938118
10805204.0,Nc1nc(N)c2[nH]c(nc2n1)C1c2ccccc2-c2ccccc12,30500.0,4.515700160653214
457736.0,COc1ccc(-c2nc3nc(N)nc(N)c3[nH]2)c(OC)c1,2400.0,5.619788758288394
462085.0,COc1cc(NCc2nc3nc(N)nc(N)c3[nH]2)cc(OC)c1OC,34000.0,4.468521082957745
473566.0,COc1cc(cc(OC)c1OC)-c1nc2nc(N)nc(N)c2[nH]1,2200.0,5.657577319177793
457735.0,Nc1nc(N)c2[nH]c(Cc3ccccc3)nc2n1,500.0,6.301029995663981
5479801.0,CCc1nc(N)nc(N)c1-c1ccc(NCc2ccc(cc2)C2OCCO2)c(c1)[N+]([O-])=O,15.0,7.823908740944319
5479799.0,CCc1nc(N)nc(N)c1-c1ccc(NCc2ccc(cc2)C(=O)N(C)C)c(c1)[N+]([O-])=O,7.9,8.102372908709558
5479798.0,CCc1nc(N)nc(N)c1-c1ccc(NCc2ccc(cc2)C(=O)NC)c(c1)[N+]([O-])=O,4.3,8.366531544420413
11979618.0,CCc1nc(N)nc(N)c1-c1ccc(NCc2ccc(cc2)C(=O)NC(CCC(O)=O)C(O)=O)c(c1)[N+]([O-])=O,6.2,8.207608310501746
5479797.0,CCc1nc(N)nc(N)c1-c1ccc(NCc2ccc(cc2)C(N)=O)c(c1)[N+]([O-])=O,3.7,8.431798275933005
457757.0,CCc1nc(N)nc(N)c1-c1ccc(N(C)Cc2ccc(cc2)C(=O)NC)c(c1)[N+]([O-])=O,7.4,8.130768280269024
5479802.0,CCOC(=O)CCC(NC(=O)c1ccc(CNc2ccc(cc2[N+]([O-])=O)-c2c(N)nc(N)nc2CC)cc1)C(=O)OCC,7.1,8.148741651280925
44333886.0,Cc1cn(CCC2CC(O)C(COP(O)(O)=O)O2)c(=O)[nH]c1=O,2700.0,5.568636235841013
5479796.0,CCc1nc(N)nc(N)c1-c1ccc(NCc2ccc(cc2)C(O)=O)c(c1)[N+]([O-])=O,1.8,8.744727494896694
5481386.0,CCc1nc(N)nc(N)c1-c1ccc(NCc2ccccc2)c(c1)[N+]([O-])=O,19.0,7.721246399047171
5481387.0,CCc1nc(N)nc(N)c1-c1ccc(NCc2ccc(cc2)S(N)(=O)=O)c(c1)[N+]([O-])=O,5.8,8.236572006437063
473734.0,CCc1nc(N)nc(N)c1-c1ccc(N(C)Cc2ccc(cc2)C2=NC(C)(C)CO2)c(c1)[N+]([O-])=O,14.0,7.853871964321762
457754.0,CCc1nc(N)nc(N)c1-c1ccc(N(C)Cc2ccc(cc2)C(O)=O)c(c1)[N+]([O-])=O,3.1,8.508638306165727
5479800.0,CCc1nc(N)nc(N)c1-c1ccc(NCc2ccc(cc2)C(=O)N2CCCCC2)c(c1)[N+]([O-])=O,140.0,6.853871964321762
478948.0,Nc1nc(N)c2c3CCN(Cc4c(Cl)cccc4Cl)Cc3oc2n1,31700.0,4.498940737782249
457743.0,Nc1nc(N)c2c3CCN(Cc4ccc(Cl)cc4Cl)Cc3oc2n1,13100.0,4.882728704344236
478947.0,Nc1nc(N)c2c3CCN(Cc4ccc(Cl)c(Cl)c4)Cc3oc2n1,22300.0,4.651695136951839
10624126.0,Nc1nc(N)c2c3CCN(Cc4ccc(cc4)C(=O)N[C@@H](CCC(O)=O)C(O)=O)Cc3oc2n1,21500.0,4.667561540084395
478945.0,COc1cc(CN2CCc3c(C2)oc2nc(N)nc(N)c32)cc(OC)c1OC,35000.0,4.455931955649724
478946.0,COc1cc(CN2CCc3c(C2)oc2nc(N)nc(N)c32)cc(OC)c1,20400.0,4.690369832574101
457742.0,Nc1nc(N)c2c3CCN(Cc4ccccc4)Cc3oc2n1,1400.0,5.853871964321762
476026.0,COc1ccc(Sc2ccc3nc(N)nc(N)c3n2)cc1,45.0,7.346787486224656
476032.0,COc1ccc(Nc2ccc3nc(N)nc(N)c3n2)cc1,2800.0,5.552841968657781
476039.0,COc1cc(cc(OC)c1OC)N(C)c1ccc2nc(N)nc(N)c2n1,7.6,8.119186407719209
476027.0,COc1ccc(Sc2ccc3nc(N)nc(N)c3n2)cc1OC,19.0,7.721246399047171
476036.0,COc1ccc(OC)c(Nc2ccc3nc(N)nc(N)c3n2)c1,730.0,6.136677139879544
476046.0,COc1cc(CNc2ccc3nc(N)nc(N)c3n2)cc(OC)c1OC,490.0,6.309803919971486
476030.0,COc1ccc(cc1OC)S(=O)(=O)c1ccc2nc(N)nc(N)c2n1,940.0,6.026872146400302
476038.0,COc1cc(Nc2ccc3nc(N)nc(N)c3n2)cc(OC)c1OC,2400.0,5.619788758288394
10590469.0,Nc1nc(N)c2nc(Nc3ccc4ccccc4c3)ccc2n1,1100.0,5.958607314841775
476042.0,Nc1nc(N)c2nc(Nc3ccccc3)ccc2n1,300.0,6.522878745280337
476044.0,Nc1nc(N)c2nc(Nc3ccc(Cl)cc3)ccc2n1,830.0,6.080921907623926
476025.0,COc1ccccc1Sc1ccc2nc(N)nc(N)c2n1,58.0,7.236572006437063
476031.0,COc1ccccc1Nc1ccc2nc(N)nc(N)c2n1,460.0,6.337242168318426
476028.0,COc1ccccc1S(=O)(=O)c1ccc2nc(N)nc(N)c2n1,210.0,6.6777807052660805
476035.0,COc1ccc(cc1OC)N(C)c1ccc2nc(N)nc(N)c2n1,0.88,9.05551732784983
476043.0,CN(c1ccccc1)c1ccc2nc(N)nc(N)c2n1,2.2,8.657577319177793
476034.0,COc1ccc(cc1)N(C)c1ccc2nc(N)nc(N)c2n1,8.6,8.065501548756432
10663211.0,CN(c1ccc2nc(N)nc(N)c2n1)c1cccc2ccccc12,2100.0,5.6777807052660805
476029.0,COc1ccc(cc1)S(=O)(=O)c1ccc2nc(N)nc(N)c2n1,1000.0,6.0
476037.0,COc1ccc(OC)c(c1)N(C)c1ccc2nc(N)nc(N)c2n1,41.0,7.387216143280264
476033.0,COc1ccc(Nc2ccc3nc(N)nc(N)c3n2)cc1OC,680.0,6.167491087293763
484954.0,Cc1cccc(CC2CCc3nc(N)nc(N)c3C2)c1,36.0,7.443697499232713
484964.0,CC(C)(C)C1CCc2nc(N)nc(N)c2C1,18.0,7.744727494896693
484956.0,COc1cccc(CC2CCc3nc(N)nc(N)c3C2)c1,21.0,7.67778070526608
484953.0,Cc1ccccc1CC1CCc2nc(N)nc(N)c2C1,23.0,7.638272163982407
469853.0,COc1ccc(OC)c(CN2CCc3nc(N)nc(N)c3C2)c1,300.0,6.522878745280337
483228.0,Nc1nc(N)c2CC(CCc2n1)c1ccccc1,1300.0,5.886056647693163
483227.0,Nc1nc(N)c2CC(Cc3cccc(c3)C(F)(F)F)CCc2n1,140.0,6.853871964321762
484957.0,Nc1nc(N)c2CC(Cc3cccc(OC(F)(F)F)c3)CCc2n1,14.0,7.853871964321762
484955.0,COc1ccccc1CC1CCc2nc(N)nc(N)c2C1,14.0,7.853871964321762
484962.0,Nc1nc(N)c2CC(Cc3ccc(Cl)c(Cl)c3)CCc2n1,2600.0,5.585026652029182
484966.0,Nc1nc(N)c2CC(Cc3ccsc3)CCc2n1,49.0,7.309803919971486
484963.0,CCC1CCc2nc(N)nc(N)c2C1,1100.0,5.958607314841775
484958.0,Nc1nc(N)c2CC(Cc3ccc(OC(F)(F)F)cc3)CCc2n1,73.0,7.136677139879544
484960.0,COc1ccc(CC2CCc3nc(N)nc(N)c3C2)cc1OC,23.0,7.638272163982407
484967.0,Nc1nc(N)c2CC(CC3CCCO3)CCc2n1,40.0,7.397940008672037
484959.0,COc1ccc(OC)c(CC2CCc3nc(N)nc(N)c3C2)c1,21.0,7.67778070526608
483229.0,COc1ccc(CC2CCc3nc(N)nc(N)c3C2)cc1,50.0,7.301029995663981
484952.0,Nc1nc(N)c2CC(Cc3ccccc3)CCc2n1,32.0,7.494850021680094
484961.0,COc1cc(CC2CCc3nc(N)nc(N)c3C2)cc(OC)c1OC,24.0,7.619788758288394
484965.0,Nc1nc(N)c2CC(Cc3cccs3)CCc2n1,62.0,7.207608310501746
469854.0,COc1cc(CN2CCc3nc(N)nc(N)c3C2)cc(OC)c1OC,200.0,6.698970004336019
472908.0,CN(Cc1cnc2nc(N)nc(N)c2c1C)c1ccc(Br)cc1,30.0,7.522878745280337
485021.0,COc1ccc(cc1)N(C)Cc1cnc2nc(N)nc(N)c2c1C,7.3,8.136677139879543
380969.0,COc1ccc(NCc2cnc3nc(N)nc(N)c3c2C)cc1,12.0,7.920818753952375
472904.0,Cc1c(CNc2ccc(Br)cc2)cnc2nc(N)nc(N)c12,9.5,8.022276394711152
479283.0,COc1cccc(NCc2cnc3nc(N)nc(N)c3c2C)c1,7.4,8.130768280269024
472903.0,COc1ccccc1NCc1cnc2nc(N)nc(N)c2c1C,23.0,7.638272163982407
472906.0,Cc1c(CNc2ccccc2)cnc2nc(N)nc(N)c12,17.0,7.769551078621726
470264.0,Cc1c(CNc2ccccc2Cl)cnc2nc(N)nc(N)c12,7.1,8.148741651280925
472909.0,CN(Cc1cnc2nc(N)nc(N)c2c1C)c1ccccc1Cl,18.0,7.744727494896693
472907.0,CN(Cc1cnc2nc(N)nc(N)c2c1C)c1ccc(Cl)cc1,5.400000000000001,8.267606240177031
462111.0,Cc1c(CNc2cccc(Cl)c2)cnc2nc(N)nc(N)c12,11.0,7.958607314841775
472905.0,COc1cccc(c1)N(C)Cc1cnc2nc(N)nc(N)c2c1C,6.3,8.200659450546418
486244.0,Nc1nc(N)c2nc(Cn3c4ccccc4c4ccccc34)cnc2n1,12.0,7.920818753952375
486243.0,Nc1nc(N)c2nc(CN3c4ccccc4Sc4ccccc34)cnc2n1,110.0,6.958607314841775
486242.0,Nc1nc(N)c2nc(CN(c3ccccc3)c3ccccc3)cnc2n1,1300.0,5.886056647693163
483225.0,Nc1nc(N)c2nc(CN3c4ccccc4Cc4ccccc34)cnc2n1,29.0,7.5376020021010435
446744.0,Nc1nc(N)c2nc(CN3c4ccccc4C=Cc4ccccc34)cnc2n1,43.0,7.366531544420414
486241.0,Nc1nc(N)c2nc(CN3c4ccccc4Oc4ccccc34)cnc2n1,2200.0,5.657577319177793
481460.0,Nc1nc(N)c2nc(CN3c4ccccc4CCc4ccccc34)cnc2n1,910.0,6.040958607678906
487406.0,COc1cc(cc(OC)c1OC)C(=O)OCc1ccc2nc(N)nc(N)c2c1,50.0,7.301029995663981
487401.0,Nc1nc(N)c2cc(ccc2n1)C(=O)OCc1ccccc1,360.0,6.443697499232713
487467.0,COc1ccc(OC)c(c1)C(=O)OCc1ccc2nc(N)nc(N)c2c1,220.0,6.657577319177793
487415.0,Nc1nc(N)c2cc(CO)ccc2n1,44900.0,4.347753658996677
6476138.0,Nc1nc(N)c2cc(\C=C\C(=O)Oc3ccccc3)ccc2n1,189.0,6.723538195826756
487407.0,COc1ccc(C(=O)OCc2ccc3nc(N)nc(N)c3c2)c(OC)c1OC,140.0,6.853871964321762
487408.0,COc1ccc(cc1OC)C(=O)OCc1ccc2nc(N)nc(N)c2c1,66.0,7.180456064458132
487402.0,Nc1nc(N)c2cc(COC(=O)c3ccccc3)ccc2n1,99.0,7.00436480540245
487403.0,Nc1nc(N)c2cc(COC(=O)c3ccccc3)cnc2n1,1900.0,5.721246399047171
487466.0,COc1cc(OC)cc(c1)C(=O)OCc1ccc2nc(N)nc(N)c2c1,150.0,6.823908740944319
487410.0,Nc1nc(N)c2cc(COC(=O)Cc3ccccc3)ccc2n1,1900.0,5.721246399047171
487413.0,CN(Cc1ccc2nc(N)nc(N)c2c1)c1ccccc1,11.0,7.958607314841775
487417.0,Cc1c(CO)cnc2nc(N)nc(N)c12,3200.0,5.494850021680094
487404.0,Cc1c(COC(=O)c2ccccc2)cnc2nc(N)nc(N)c12,56.0,7.251811972993799
487405.0,Nc1nc(N)c2nc(COC(=O)c3ccccc3)cnc2n1,5800.0,5.236572006437063
487412.0,Nc1nc(N)c2cc(CNc3ccccc3)ccc2n1,100.0,7.0
487409.0,Nc1nc(N)c2cc(COC(=O)c3ccc(cc3)C(O)=O)ccc2n1,1000.0,6.0
487329.0,CCC(=O)OCCN(Cc1ccccc1)\N=N\c1cc(ccc1Cl)-c1c(N)nc(N)nc1CC,700.0,6.154901959985743
487340.0,CCc1nc(N)nc(N)c1-c1ccc(Cl)c(c1)\N=N\N(CCOC(C)=O)Cc1cccc(Cl)c1,1160.0,5.935542010773082
487347.0,CCc1nc(N)nc(N)c1-c1ccc(Cl)c([N-]N=[N+](CCOC(C)=O)Cc2ccc(cc2)[N+]([O-])=O)c1,850.0,6.070581074285707
487341.0,CCc1nc(N)nc(N)c1-c1ccc(Cl)c(c1)\N=N\N(CCOC(C)=O)Cc1ccc(Cl)cc1,800.0,6.096910013008056
487331.0,CCc1nc(N)nc(N)c1-c1ccc(Cl)c(c1)\N=N\N(CCOC(=O)c1ccccc1)Cc1ccccc1,220.0,6.657577319177793
487335.0,CCc1nc(N)nc(N)c1-c1ccc(Cl)c(c1)\N=N\N(CCOC(C)=O)Cc1cc(OC)c(OC)c(OC)c1,70.0,7.154901959985743
11071072.0,CCc1nc(N)nc(N)c1-c1ccc(Cl)c(c1)\N=N\N(CCOC(=O)C(C)C)Cc1ccccc1,660.0,6.180456064458132
487354.0,CCc1nc(N)nc(N)c1-c1ccc(Cl)c(c1)\N=N\N(CCO)[C@@H](C)c1ccccc1,2700.0,5.568636235841013
487351.0,CCc1nc(N)nc(N)c1-c1ccc(Cl)c(c1)\N=N\N(CCCO)Cc1ccccc1,2010.0,5.696803942579511
487353.0,CCc1nc(N)nc(N)c1-c1ccc(Cl)c(c1)\N=N\N(CCO)[C@H](C)c1ccccc1,1470.0,5.832682665251824
487343.0,CCc1nc(N)nc(N)c1-c1ccc(Cl)c(c1)\N=N\N(CCOC(C)=O)Cc1cccc(C)c1,5390.0,5.268411234813262
487349.0,CCc1nc(N)nc(N)c1-c1ccc(Cl)c(c1)\N=N\N(CCOC(C)=O)Cc1ccc2ccccc2c1,1050.0,5.978810700930062
487336.0,CCc1nc(N)nc(N)c1-c1ccc(Cl)c(c1)\N=N\N(CCOC(C)=O)Cc1ccccc1F,7800.0,5.107905397309519
487348.0,CCc1nc(N)nc(N)c1-c1ccc(Cl)c(c1)\N=N\N(CCOC(C)=O)Cc1cccc2ccccc12,200.0,6.698970004336019
487337.0,CCc1nc(N)nc(N)c1-c1ccc(Cl)c(c1)\N=N\N(CCOC(C)=O)Cc1cccc(F)c1,1250.0,5.903089986991944
487332.0,CCc1nc(N)nc(N)c1-c1ccc(Cl)c(c1)\N=N\N(CCOC(C)=O)Cc1ccc(OC)cc1,440.0,6.356547323513812
487344.0,CCc1nc(N)nc(N)c1-c1ccc(Cl)c(c1)\N=N\N(CCOC(C)=O)Cc1ccc(C)cc1,630.0,6.200659450546418
487352.0,CCc1nc(N)nc(N)c1-c1ccc(Cl)c(c1)\N=N\N(CCO)CCc1ccccc1,1790.0,5.747146969020107
487339.0,CCc1nc(N)nc(N)c1-c1ccc(Cl)c(c1)\N=N\N(CCOC(C)=O)Cc1ccccc1Cl,6100.0,5.214670164989233
487342.0,CCc1nc(N)nc(N)c1-c1ccc(Cl)c(c1)\N=N\N(CCOC(C)=O)Cc1ccccc1C,830.0,6.080921907623926
487350.0,CCc1nc(N)nc(N)c1-c1ccc(Cl)c(c1)\N=N\N(CCOC(C)=O)Cc1ccncc1,640.0,6.1938200260161125
487346.0,CCc1nc(N)nc(N)c1-c1ccc(Cl)c([N-]N=[N+](CCOC(C)=O)Cc2cccc(c2)[N+]([O-])=O)c1,830.0,6.080921907623926
487334.0,CCc1nc(N)nc(N)c1-c1ccc(Cl)c(c1)\N=N\N(CCOC(C)=O)Cc1cc(OC)cc(OC)c1,378.0,6.422508200162775
487338.0,CCc1nc(N)nc(N)c1-c1ccc(Cl)c(c1)\N=N\N(CCOC(C)=O)Cc1ccc(F)cc1,4400.0,5.356547323513812
487333.0,CCc1nc(N)nc(N)c1-c1ccc(Cl)c(c1)\N=N\N(CCOC(C)=O)Cc1ccc(OC)c(OC)c1,80.0,7.096910013008056
487345.0,CCc1nc(N)nc(N)c1-c1ccc(Cl)c(c1)\N=N\N(CCOC(C)=O)Cc1ccc(cc1)C(F)(F)F,2540.0,5.595166283380062
490575.0,COc1ccc(OCCCCCCC(O)=O)cc1Cc1cnc(N)nc1N,180.0,6.7447274948966935
490569.0,CCCCCCCOc1ccc(OC)c(Cc2cnc(N)nc2N)c1,5000.0,5.301029995663981
490574.0,COc1ccc(OCCCCCC(O)=O)cc1Cc1cnc(N)nc1N,480.0,6.318758762624412
490572.0,COc1ccc(OCCCC(O)=O)cc1Cc1cnc(N)nc1N,180.0,6.7447274948966935
490570.0,CCCCCCCCOc1ccc(OC)c(Cc2cnc(N)nc2N)c1,15000.0,4.823908740944319
490573.0,COc1ccc(OCCCCC(O)=O)cc1Cc1cnc(N)nc1N,110.0,6.958607314841775
490568.0,CCCCCCOc1ccc(OC)c(Cc2cnc(N)nc2N)c1,9200.0,5.036212172654444
490577.0,COc1ccc(OCCCCCCCCC(O)=O)cc1Cc1cnc(N)nc1N,430.0,6.366531544420414
490567.0,CCCCCOc1ccc(OC)c(Cc2cnc(N)nc2N)c1,6500.0,5.187086643357144
490576.0,COc1ccc(OCCCCCCCC(O)=O)cc1Cc1cnc(N)nc1N,360.0,6.443697499232713
490571.0,CCCCCCCCCOc1ccc(OC)c(Cc2cnc(N)nc2N)c1,32000.0,4.494850021680094
44300967.0,CCC(Cc1coc2nc(N)cc(N)c12)c1ccc(cc1)C(=O)NC(CCC(O)=O)C(O)=O,1100.0,5.958607314841775
44300964.0,CC(Cc1coc2nc(N)cc(N)c12)c1ccc(cc1)C(=O)NC(CCC(O)=O)C(O)=O,2100.0,5.6777807052660805
504025.0,COc1ccc(CCCCC(O)=O)cc1Cc1cnc(N)nc1N,58.0,7.236572006437063
227595.0,Cc1cccc(c1)-c1nc2c(N)nc(N)nc2nc1N,18.0,7.744727494896693
504028.0,COc1ccc(OCc2cccc(c2)C(O)=O)cc1Cc1cnc(N)nc1N,600.0,6.221848749616356
504026.0,COc1ccc(CCCCCC(O)=O)cc1Cc1cnc(N)nc1N,8.4,8.075720713938118
504022.0,COc1ccc(cc1Cc1cnc(N)nc1N)C#CCCC(O)=O,97.0,7.013228265733755
223355.0,Nc1nc(N)c2nc(-c3ccccc3)c(nc2n1)-c1ccccc1,240.0,6.619788758288394
504029.0,COc1ccc(OCc2ccc(cc2)C(O)=O)cc1Cc1cnc(N)nc1N,2000.0,5.698970004336019
479079.0,COc1cc(Cc2cnc(N)nc2N)cc(OC)c1-n1cccc1,470.0,6.327902142064283
504032.0,Nc1nc(N)c2nc(CCSc3ccccc3)cnc2n1,770.0,6.113509274827518
504024.0,COc1ccc(cc1Cc1cnc(N)nc1N)C#CCCCCC(O)=O,72.0,7.142667503568732
322498.0,Nc1nc(N)c2nc(C(=O)c3ccccc3)c(nc2n1)-c1ccccc1,860.0,6.0655015487564325
12041791.0,Nc1nc(N)c2c(CNc3cccc4CCCCc34)c[nH]c2n1,1100.0,5.958607314841775
504027.0,COc1ccc(CCCCCCC(O)=O)cc1Cc1cnc(N)nc1N,30.0,7.522878745280337
504031.0,COc1ccc(cc1Cc1cnc(N)nc1N)C#CCOc1cccc(c1)C(O)=O,1600.0,5.795880017344075
504030.0,COc1ccc(cc1Cc1cnc(N)nc1N)C#CCOc1ccccc1C(O)=O,500.0,6.301029995663981
44462008.0,Nc1nc(N)c2nc(CSc3ccc(Sc4ccccc4)cc3)cnc2n1,770.0,6.113509274827518
5742624.0,COc1cccc(Sc2[nH]c3nc(N)nc(N)c3c2C)c1,4760.0,5.3223930472795065
44345035.0,COc1cc(CC2CN=C(N)N=C2N)cc(OC)c1OC,2800.0,5.552841968657781
5742620.0,COc1ccccc1Sc1[nH]c2nc(N)nc(N)c2c1C,1020.0,5.991399828238082
5742617.0,Cc1c(Sc2cccc3ccccc23)[nH]c2nc(N)nc(N)c12,160.0,6.795880017344075
5742622.0,Cc1c(Sc2ccc(Cl)cc2Cl)[nH]c2nc(N)nc(N)c12,20000.0,4.698970004336019
44388480.0,CN(Cc1cnc2nc(N)nc(N)c2c1C)c1ccccc1,6.3,8.200659450546418
44388464.0,Cc1c(C)c(c(C)c(C)c1NNCc1cnc2nc(N)nc(N)c2c1C)-n1cccc1,75.0,7.1249387366083
44388463.0,COc1cc(OC)c(CN(C)c2ccc3nc(N)nc(N)c3c2)c(OC)c1,950.0,6.022276394711152
469609.0,COc1cc(cc(OC)c1OC)N1Cc2cnc3nc(N)nc(N)c3c2C=C1,760.0,6.119186407719209
44388478.0,COCc1cc(cc(COC)c1COC)N(C)CC1CCc2nc(N)nc(N)c2C1,330.0,6.481486060122113
44388457.0,COc1cc(NNCc2cnc3nc(N)nc(N)c3c2C)c(cc1OC)-n1cccc1,600.0,6.221848749616356
44388481.0,COc1cc(NCc2cnc3nc(N)nc(N)c3c2C)c(O)cc1-n1cccc1,33.0,7.481486060122113
462128.0,CN(Cc1cccc2ccccc12)c1ccc2nc(N)nc(N)c2c1,21.0,7.67778070526608
44388477.0,Nc1nc(N)c2CC(CNc3cccc(Cl)c3)CCc2n1,78.0,7.107905397309519
44388476.0,COc1ccc(cc1NNCc1cnc2nc(N)nc(N)c2c1C)-c1ccccc1,68.0,7.167491087293763
462126.0,Nc1nc(N)c2cc(NCc3cccc4ccccc34)ccc2n1,99.0,7.00436480540245
134148801.0,COc1ccc(cc1C(F)(F)F)-c1c[nH]c2nc(N)nc(OC(C)C)c12,10000.0,5.0
134139368.0,Cc1nc(N)nc(N)c1CN1CCN(CC1)c1cccc(c1)-c1ccccc1,1100.0,5.958607314841775
134141850.0,Nc1ncc(Cn2cc(-c3ccc(F)c(F)c3)c3cnccc23)c(N)n1,10000.0,5.0
134132161.0,Nc1nc(N)c(-c2c[nH]c3ccccc23)c(n1)C1CC1,910.0,6.040958607678906
134156833.0,Cn1cc(-c2c(N)nc(N)nc2C2CC2)c2ccccc12,460.0,6.337242168318426
134136051.0,Cn1c(cc2c(N)nc(N)nc12)-c1cccc(Cl)c1,10000.0,5.0
134149549.0,Nc1nc(Cl)c2cc([nH]c2n1)-c1cccc(Cl)c1,10000.0,5.0
134136557.0,Nc1ncc(CN2CCCN(CC2)C(=O)c2cccc(c2)C(F)(F)F)c(N)n1,10000.0,5.0
134146078.0,Cc1nc(N)nc(N)c1C(=O)N1CCN(CC1)c1cccc(c1)-c1cccc(c1)C#N,3000.0,5.522878745280337
134147493.0,Cc1nc(N)nc(N)c1C(=O)N1CCN(CC1)c1cc(Cl)ccc1-c1ccccn1,10000.0,5.0
134155232.0,Cc1nc(N)nc(N)c1C(=O)N1CCN(CC1)c1cccc(c1)-c1ccccc1,2400.0,5.619788758288394
134153211.0,Nc1ncc(Cn2ccc3c(cccc23)-c2ccc(cc2)C(F)(F)F)c(N)n1,2700.0,5.568636235841013
134152596.0,Nc1ncc(Cn2cc(-c3cccc(c3)C(F)(F)F)c3ccccc23)c(N)n1,980.0,6.008773924307505
134147949.0,Nc1ncc(Cn2cc(-c3cccc(Cl)c3)c3cccnc23)c(N)n1,10000.0,5.0
134152200.0,Nc1nc2[nH]c(cc2c(=O)[nH]1)-c1cccc(Cl)c1,10000.0,5.0
134135190.0,Cc1nc(N)nc(N)c1CN1CCN(CC1)c1cccc(c1)-c1cccc(c1)C#N,200.0,6.698970004336019
134133398.0,Cn1c(cc2c(Cl)nc(N)nc12)-c1cccc(Cl)c1,10000.0,5.0
134143008.0,Cc1nc(N)nc(N)c1CN1CCN(CC1)c1cc(Cl)ccc1-c1ccccn1,370.0,6.431798275933005
134138953.0,Nc1ncc(CN2CCN(CC2)c2cccc(c2)C(F)(F)F)c(N)n1,80000.0,4.096910013008056
134154523.0,Nc1ncc(CN2CCN(CC2)c2cc(Cl)ccc2OCc2cccc(c2)C(F)(F)F)c(N)n1,950.0,6.022276394711152
46233188.0,Cc1c(Sc2c(C)cccc2C)[nH]c2nc(N)nc(N)c12,5.11,8.291579099865288
46233684.0,Cc1c(Sc2cccc3CCCCc23)[nH]c2nc(N)nc(N)c12,160.0,6.795880017344075
46233254.0,Cc1c(Sc2cc(Cl)c(Cl)cc2Cl)[nH]c2nc(N)nc(N)c12,212.0,6.673664139071248
46233189.0,Cc1c(Sc2cc(C)cc(C)c2)[nH]c2nc(N)nc(N)c12,572.0,6.242603971206976
11536310.0,Nc1nc(N)c2c(CCCc3ccccc3)c[nH]c2n1,2700.0,5.568636235841013
11681422.0,COc1ccc(OC)c(CCCc2c[nH]c3nc(N)nc(N)c23)c1,4050.0,5.392544976785332
481448.0,CCn1c2ccccc2c2cc(NCc3coc4nc(N)nc(N)c34)ccc12,4500.0,5.346787486224656
46233401.0,Nc1nc(N)c2c(CSc3ccc4CCCCc4c3)c[nH]c2n1,9200.0,5.036212172654444
481443.0,Nc1nc(N)c2c(CNc3cccc4cc5ccccc5cc34)coc2n1,15400.0,4.8124792791635365
46233489.0,COc1ccc(-c2nc3nc(N)nc(N)c3[nH]2)c(c1OC)[N+]([O-])=O,16800.0,4.774690718274138
46233111.0,Cc1[nH]c2nc(N)nc(N)c2c1Sc1cccc2CCCCc12,18800.0,4.72584215073632
10690139.0,Nc1nc(N)c2c(CSc3cccc(Oc4ccccc4)c3)coc2n1,19000.0,4.721246399047171
481453.0,CCn1c2ccccc2c2cc(ccc12)N(C)Cc1coc2nc(N)nc(N)c12,22600.0,4.645891560852599
481455.0,Nc1nc(N)c2c(CSc3cccc(c3)-c3ccccc3)coc2n1,23000.0,4.638272163982407
481446.0,Nc1nc(N)c2c(CNc3ccc-4c(Cc5ccccc-45)c3)coc2n1,27700.0,4.557520230935552
11473257.0,Cc1[nH]c2nc(N)nc(N)c2c1Sc1ccc(Cl)cc1Cl,28200.0,4.549750891680639
46233112.0,Cc1[nH]c2nc(N)nc(N)c2c1Sc1ccc2CCCCc2c1,31000.0,4.508638306165727
11738299.0,Cc1[nH]c2nc(N)nc(N)c2c1Sc1ccc(Cl)cc1,31800.0,4.497572880015567
481457.0,Nc1nc(N)c2c(CSc3ccccc3Oc3ccccc3)coc2n1,38000.0,4.42021640338319
10498667.0,Nc1nc(N)c2c(CNc3ccc-4c(c3)C(O)c3ccccc-43)coc2n1,63000.0,4.200659450546418
11335759.0,Cc1[nH]c2nc(N)nc(N)c2c1Sc1cccc(Cl)c1,76800.0,4.114638779968488
481456.0,Nc1nc(N)c2c(CSc3ccc(cc3)-c3ccccc3)coc2n1,79000.0,4.102372908709558
11369279.0,Cc1[nH]c2nc(N)nc(N)c2c1Sc1ccccc1,81000.0,4.091514981121351
11370954.0,COc1ccc(OC)c(Sc2c(C)[nH]c3nc(N)nc(N)c23)c1,87000.0,4.060480747381382
481454.0,Nc1nc(N)c2c(CSc3ccccc3-c3ccccc3)coc2n1,105000.0,3.9788107009300617
10761277.0,Nc1nc(N)c2c(CSc3ccc(Oc4ccccc4)cc3)coc2n1,259000.0,3.586700235918748
10810361.0,COc1cc2oc3ccccc3c2cc1N(C)Cc1coc2nc(N)nc(N)c12,392000.0,3.406713932979543
46233255.0,COc1cc(Sc2[nH]c3nc(N)nc(N)c3c2C)cc(OC)c1OC,686.0,6.163675884293248
46233400.0,Nc1nc(N)c2c(CSc3cccc4CCCCc34)c[nH]c2n1,810.0,6.091514981121351
46233359.0,CN(Cc1c[nH]c2nc(N)nc(N)c12)c1cccc2CCCCc12,870.0,6.060480747381382
46233187.0,Nc1nc(N)c2c(CCCc3ccc4CCCCc4c3)c[nH]c2n1,1010.0,5.995678626217358
11667589.0,COc1cc(CCCc2c[nH]c3nc(N)nc(N)c23)cc(OC)c1OC,1030.0,5.987162775294828
11681560.0,Nc1nc(N)c2c(CCCc3cc(Cl)ccc3Cl)c[nH]c2n1,1240.0,5.906578314837765
46233186.0,Nc1nc(N)c2c(CCCc3cccc4CCCCc34)c[nH]c2n1,1300.0,5.886056647693163
11675166.0,Nc1nc(N)c2c(CCCc3ccc(OCc4ccccc4)cc3)c[nH]c2n1,1600.0,5.795880017344075
60863.0,Cc1nc2ccc3ccc(CNc4ccc5C(=O)N(Cc5c4)[C@@H](CCC(O)=O)C(O)=O)cc3c2c(=O)[nH]1,368.5,6.43356250780493
484980.0,Cc1[nH]c2nc(N)[nH]c(=O)c2c1Sc1ccc(cc1)C(=O)N[C@@H](CCC(O)=O)C(O)=O,160.0,6.795880017344075
56666113.0,Cc1nc2sc3cccc(CNc4ccc(cc4)C(=O)N[C@@H](CCC(O)=O)C(O)=O)c3c2c(=O)[nH]1,1550.0,5.809668301829708
56676341.0,Cc1nc2sc3cccc(CNc4ccc5C(=O)N(Cc5c4)[C@@H](CCC(O)=O)C(O)=O)c3c2c(=O)[nH]1,2750.0,5.560667306169737
52914860.0,Nc1nc2sc3cccc(CNc4ccc(cc4)C(=O)N[C@@H](CCC(O)=O)C(O)=O)c3c2c(=O)[nH]1,80.0,7.096910013008056
52914861.0,Nc1nc2sc3cccc(CNc4ccc5C(=O)N(Cc5c4)[C@@H](CCC(O)=O)C(O)=O)c3c2c(=O)[nH]1,90.0,7.045757490560675
461921.0,COc1ccc(OC)c(CCNc2ccc3nc(N)nc(N)c3c2Cl)c1,990.0,6.00436480540245
461925.0,COc1cc(CCCNc2ccc3nc(N)nc(N)c3c2Cl)cc(OC)c1OC,14000.0,4.853871964321762
461923.0,COc1cc(CNc2ccc3nc(N)nc(N)c3c2Cl)cc(OC)c1OC,7.0,8.154901959985743
461924.0,COc1cc(CCNc2ccc3nc(N)nc(N)c3c2Cl)cc(OC)c1OC,2600.0,5.585026652029182
461920.0,COc1ccc(OC)c(CNc2ccc3nc(N)nc(N)c3c2Cl)c1,17.0,7.769551078621726
461926.0,COc1cc(CN(C)c2ccc3nc(N)nc(N)c3c2Cl)cc(OC)c1OC,16.0,7.795880017344075
461922.0,COc1ccc(OC)c(CCCNc2ccc3nc(N)nc(N)c3c2Cl)c1,1000.0,6.0
490666.0,COc1cc(NCc2cccc3nc(N)nc(N)c23)cc(OC)c1OC,20000.0,4.698970004336019
10403719.0,COc1ccc(OC)c(c1)C#Cc1cccc2nc(N)nc(N)c12,18000.0,4.7447274948966935
490667.0,COc1ccc(OC)c(c1)N(C)Cc1cccc2nc(N)nc(N)c12,40000.0,4.3979400086720375
6532431.0,Nc1nc(N)c2c(\C=C\c3ccccc3)cccc2n1,1200.0,5.920818753952375
9973530.0,COc1ccc(OC)c(CCc2cccc3nc(N)nc(N)c23)c1,5900.0,5.229147988357856
490663.0,Nc1nc(N)c2c(cccc2n1)C#Cc1ccccc1,30000.0,4.522878745280337
490665.0,COc1ccc(OC)c(NCc2cccc3nc(N)nc(N)c23)c1,5000.0,5.301029995663981
490662.0,Nc1nc(N)c2c(CCc3ccccc3)cccc2n1,370.0,6.431798275933005
490668.0,COc1cc(cc(OC)c1OC)N(C)Cc1cccc2nc(N)nc(N)c12,20000.0,4.698970004336019
490664.0,COc1cc(CCc2cccc3nc(N)nc(N)c23)cc(OC)c1OC,930.0,6.031517051446065
10566619.0,Cc1[nH]c2nc(N)[nH]c(=O)c2c1Sc1ccc(Cl)cc1,3100.0,5.508638306165727
10782798.0,COc1ccc(Sc2c(C)[nH]c3nc(N)[nH]c(=O)c23)cc1OC,20000.0,4.698970004336019
10471067.0,Cc1[nH]c2nc(N)[nH]c(=O)c2c1Sc1ccc(cc1)[N+]([O-])=O,244000.0,3.612610173661271
10065888.0,Cc1[nH]c2nc(N)[nH]c(=O)c2c1Sc1ccc(Cl)c(Cl)c1,11700.0,4.931814138253839
158351.0,Nc1nc(N)c2c(CNc3ccc(cc3)C(=O)N[C@@H](CCC(O)=O)C(O)=O)coc2n1,700.0,6.154901959985743
9948789.0,COc1ccc(OC)c(NCc2c[nH]c3nc(N)[nH]c(=O)c23)c1,2200.0,5.657577319177793
9840204.0,Nc1nc2[nH]cc(CNc3ccc(Cl)cc3Cl)c2c(=O)[nH]1,2200.0,5.657577319177793
9796929.0,COc1cc(NCc2c[nH]c3nc(N)[nH]c(=O)c23)cc(OC)c1,2600.0,5.585026652029182
9819553.0,COc1cc(NCc2c[nH]c3nc(N)[nH]c(=O)c23)cc(OC)c1OC,9300.0,5.031517051446065
44303114.0,Cc1cn(C2CC(O)C(OP(O)(O)=O)O2)c(=O)[nH]c1=O,2700.0,5.568636235841013
10806235.0,COc1ccc(OC)c(c1)N(C)Cc1c[nH]c2nc(N)[nH]c(=O)c12,10300.0,4.987162775294828
10687788.0,COc1cc(OC)cc(c1)N(C)Cc1c[nH]c2nc(N)[nH]c(=O)c12,4200.0,5.376750709602099
9818659.0,Nc1nc2[nH]cc(CNc3cc(Cl)ccc3Cl)c2c(=O)[nH]1,660.0,6.180456064458132
9926004.0,Nc1nc2[nH]cc(CNc3cccc(Cl)c3)c2c(=O)[nH]1,3500.0,5.455931955649724
9883365.0,COc1ccc(NCc2c[nH]c3nc(N)[nH]c(=O)c23)c(OC)c1,7100.0,5.1487416512809245
11792794.0,COc1cc(cc(OC)c1OC)N(C)Cc1c[nH]c2nc(N)[nH]c(=O)c12,37000.0,4.431798275933005
10477651.0,Nc1nc2[nH]cc(CNc3ccc(cc3)C(=O)N[C@@H](CCC(O)=O)C(O)=O)c2c(=O)[nH]1,8000.0,5.096910013008056
9883700.0,Nc1nc2[nH]cc(CNc3cc(Cl)cc(Cl)c3)c2c(=O)[nH]1,4100.0,5.3872161432802645
10902858.0,Nc1nc(N)c2cc3CN(Cc4ccccc4)CCc3nc2n1,1400.0,5.853871964321762
10883066.0,COc1cc(CN2CCc3nc4nc(N)nc(N)c4cc3C2)cc(OC)c1,2700.0,5.568636235841013
10961831.0,Nc1nc(N)c2cc3CN(Cc4ccc(cc4)C(=O)N[C@@H](CCC(O)=O)C(O)=O)CCc3nc2n1,900.0,6.045757490560675
9976735.0,Nc1nc(N)c2cc3CN(Cc4ccc(Cl)c(Cl)c4)CCc3nc2n1,5100.0,5.292429823902063
11783065.0,Nc1nc(N)c2cc3CN(CCc3nc2n1)C(=O)OCc1ccccc1,22000.0,4.657577319177793
11047021.0,Nc1nc(N)c2cc3CN(Cc4ccc(Cl)cc4Cl)CCc3nc2n1,2100.0,5.6777807052660805
11099765.0,COc1ccc(CN2CCc3nc4nc(N)nc(N)c4cc3C2)cc1,2900.0,5.537602002101044
24950854.0,CC(C)c1c(Sc2ccc(Cl)c(Cl)c2)[nH]c2nc(N)nc(N)c12,1850.0,5.732828271596986
24950853.0,CC(C)c1c(Sc2ccc3ccccc3c2)[nH]c2nc(N)nc(N)c12,1950.0,5.709965388637482
24950852.0,CC(C)c1c(Sc2cccc3ccccc23)[nH]c2nc(N)nc(N)c12,6060.0,5.217527375833714
24950851.0,COc1ccc(Sc2[nH]c3nc(N)nc(N)c3c2C(C)C)cc1OC,2500.0,5.6020599913279625
24950699.0,COc1ccc(OC)c(Sc2[nH]c3nc(N)nc(N)c3c2C(C)C)c1,1850.0,5.732828271596986
24950698.0,COc1ccc(Sc2[nH]c3nc(N)nc(N)c3c2C(C)C)cc1,1550.0,5.809668301829708
24950697.0,CC(C)c1c(Sc2ccccc2)[nH]c2nc(N)nc(N)c12,1382.0,5.85949195696182
24950696.0,CC(C)c1c(Sc2c(C)cccc2C)[nH]c2nc(N)nc(N)c12,6650.0,5.177178354696896
24950695.0,CC(C)c1c(Sc2c(Cl)cccc2Cl)[nH]c2nc(N)nc(N)c12,1360.0,5.866461091629782
24950694.0,CCCc1c(Sc2ccc3ccccc3c2)[nH]c2nc(N)nc(N)c12,7575.0,5.120617362825658
24950693.0,CCCc1c(Sc2cccc3ccccc23)[nH]c2nc(N)nc(N)c12,6029.0,5.219754716134648
24950543.0,CCCc1c(Sc2ccc(OC)c(OC)c2)[nH]c2nc(N)nc(N)c12,6000.0,5.221848749616356
24950542.0,CCCc1c(Sc2cc(OC)ccc2OC)[nH]c2nc(N)nc(N)c12,6700.0,5.173925197299173
24950541.0,CCCc1c(Sc2ccc(OC)cc2)[nH]c2nc(N)nc(N)c12,6615.0,5.1794701514764805
24950540.0,CCCc1c(Sc2ccccc2)[nH]c2nc(N)nc(N)c12,760.0,6.119186407719209
457373.0,COc1ccc(OC)c(Cc2sc3nc(N)nc(N)c3c2C)c1,70.0,7.154901959985743
44569106.0,CCCCN(Cc1ccc2ccccc2c1)c1ccc2nc(N)nc(N)c2c1,25.0,7.602059991327962
44569105.0,CCCCN(Cc1cc(OC)ccc1OC)c1ccc2nc(N)nc(N)c2c1,7.3,8.136677139879543
25132198.0,CCCN(Cc1ccc2ccccc2c1)c1ccc2nc(N)nc(N)c2c1,19.0,7.721246399047171
25131855.0,CCCN(Cc1cc(OC)ccc1OC)c1ccc2nc(N)nc(N)c2c1,9.5,8.022276394711152
25132197.0,CCN(Cc1cc(Cl)cc(Cl)c1Cl)c1ccc2nc(N)nc(N)c2c1,19.0,7.721246399047171
25099170.0,CCN(Cc1cc(OC)ccc1OC)c1ccc2nc(N)nc(N)c2c1,3.7,8.431798275933005
25132196.0,CCN(Cc1ccc2ccccc2c1)c1ccc2nc(N)nc(N)c2c1,12.0,7.920818753952375
25131854.0,CCN(Cc1cccc2ccccc12)c1ccc2nc(N)nc(N)c2c1,7.8,8.10790539730952
25132195.0,CCN(Cc1ccccc1)c1ccc2nc(N)nc(N)c2c1,3.6,8.443697499232712
15720219.0,CCCN(CCC)[C@H]1CCn2cccc2C1,500000.0,3.3010299956639813
46231368.0,Cc1c(Sc2ccc(cc2)C(=O)N[C@@H](CCC(O)=O)C(O)=O)oc2nc(N)nc(N)c12,13733.333333333334,4.862224038686528
46231414.0,CC(C)c1cccc(C)c1Sc1oc2nc(N)nc(N)c2c1C,16200.0,4.790484985457369
46231413.0,COc1ccc(Sc2oc3nc(N)nc(N)c3c2C)cc1OC,51700.0,4.286509456906058
46231412.0,COc1cccc(Sc2oc3nc(N)nc(N)c3c2C)c1,45900.0,4.338187314462739
46231411.0,COc1ccccc1Sc1oc2nc(N)nc(N)c2c1C,44200.0,4.354577730650908
46231410.0,Cc1c(Sc2c(F)c(F)c(c(F)c2F)C(F)(F)F)oc2nc(N)nc(N)c12,81800.0,4.087246696328677
46231409.0,COc1ccc(Sc2oc3nc(N)nc(N)c3c2C)cc1,69400.0,4.158640529545145
46231373.0,COc1ccc(OC)c(Sc2oc3nc(N)nc(N)c3c2C)c1,38400.0,4.4156687756324695
46231372.0,Cc1c(Sc2c(Cl)cccc2Cl)oc2nc(N)nc(N)c12,25500.0,4.5934598195660445
46231371.0,Cc1c(Sc2c(C)cccc2C)oc2nc(N)nc(N)c12,19700.0,4.705533773838407
46231370.0,Cc1c(Sc2ccc3ccccc3c2)oc2nc(N)nc(N)c12,12000.0,4.920818753952375
46231369.0,Cc1c(Sc2cccc3ccccc23)oc2nc(N)nc(N)c12,83000.0,4.080921907623926
91005966.0,Nc1nc2cc3ccccc3c2c(Nc2ccc(Cl)cc2F)[nH]1,14500.0,4.838631997765025
91006960.0,CC(C)c1ccc(Nc2[nH]c(N)nc3cc4ccccc4c23)cc1,15000.0,4.823908740944319
90818125.0,Nc1nc2cc3ccccc3c2c(Nc2ccc(Cl)cc2)[nH]1,15000.0,4.823908740944319
90878630.0,Nc1nc2cc3ccccc3c2c(Nc2cccc(Br)c2)[nH]1,13000.0,4.886056647693163
90888168.0,Nc1nc2cc3ccccc3c2c(Nc2ccc(F)c(Cl)c2)[nH]1,14500.0,4.838631997765025
2815470.0,FC(F)(F)c1cc(cc(c1)C(F)(F)F)-c1ccc(COC(=O)Nc2ccccc2)o1,132000.0,3.87942606879415
132163.0,COC(=O)Nc1nc2cc(ccc2[nH]1)-c1nnc(O)c2ccccc12,110666.66666666669,3.9559831710156255
155527248.0,Cc1nc(N)nc(N)c1N1CCN(CC1)c1cccc(c1)-c1ccccc1,9.2,8.036212172654444
155560431.0,Cc1ccccc1N1CCN(CC1)c1cnc(N)nc1N,10000.0,5.0
155550915.0,Nc1ncc(N2CCN(CC2)c2cccc(c2)-c2cnc(nc2)C2CC2)c(N)n1,9.9,8.00436480540245
155568330.0,Nc1ncc(N2CCN(CC2)c2cccc(c2)-c2ccncc2)c(N)n1,4.3,8.366531544420413
155562270.0,CCc1nc(N)nc(N)c1N1CCN(CC1)c1cccc(c1)-c1ccccc1,3.9,8.4089353929735
155513582.0,Nc1ncc(N2CCN(CC2)c2cccc(OC(F)(F)F)c2)c(N)n1,13.0,7.886056647693163
155553663.0,COc1cccc(c1)N1CCN(CC1)c1cnc(N)nc1N,58.0,7.236572006437063
155552787.0,Nc1ncc(N2CCN(CC2)c2cccc(Cl)c2)c(N)n1,40.0,7.397940008672037
151456061.0,Nc1ncc(N2CCN(CC2)c2cccc(c2)-c2ccccn2)c(N)n1,10.0,8.0
155568251.0,Nc1ncc(N2CCN(CC2)c2cccc(c2)-c2cnc(nc2)C(F)(F)F)c(N)n1,33.0,7.481486060122113
155528338.0,Nc1ncc(N2CCN(CC2)c2cccc(c2)-c2cccnc2)c(N)n1,2.7,8.568636235841012
155543141.0,Cc1ccc(cc1)N1CCN(CC1)c1cnc(N)nc1N,181.0,6.742321425130816
155529844.0,Nc1ncc(N2CCN(CC2)c2ccccc2Cl)c(N)n1,10000.0,5.0
152617142.0,Nc1ncc(N2CCN(CC2)c2ccc(cc2)-c2ccccc2)c(N)n1,32.0,7.494850021680094
44398535.0,Nc1nc(N)c2nc(CN3c4ccccc4C=Cc4c(C#CCC(=O)O)cccc43)cnc2n1,100.0,7.0
44398582.0,Nc1nc(N)c2nc(CN3c4ccccc4C=Cc4c(C#CCCCC(=O)O)cccc43)cnc2n1,21.0,7.677780705
5271421.0,COc1ccc(C#Cc2ccccc2C(=O)O)cc1Cc1cnc(N)nc1N,1900.0,5.721246399
52943038.0,C/C(=C/c1coc2nc(N)nc(N)c12)c1ccc(C(=O)N[C@@H](CCC(=O)O)C(=O)O)cc1.C/C(=C\c1coc2nc(N)nc(N)c12)c1ccc(C(=O)N[C@@H](CCC(=O)O)C(=O)O)cc1,4400.0,5.356547324
11132208.0,CCc1nc(N)nc(N)c1-c1ccc(Cl)c([N+]#N)c1.F[B-](F)(F)F,23.0,7.638272164
52943039.0,C/C(=C\c1coc2nc(N)nc(N)c12)c1ccc(C(=O)N[C@@H](CCC(=O)O)C(=O)O)cc1,110000.0,3.958607315
44398459.0,Nc1nc(N)c2nc(CN3c4ccccc4C=Cc4c(C#CCCC(=O)O)cccc43)cnc2n1,77.0,7.113509275
5271422.0,COc1ccc(C#Cc2cccc(C(=O)O)c2)cc1Cc1cnc(N)nc1N,5.5,8.259637311
11475250.0,COc1ccc(/C=C/COc2ccccc2C(=O)O)cc1Cc1cnc(N)nc1N,2500.0,5.602059991
137300720.0,Nc1nc2[nH]c(-c3cccc(Cl)c3)cc2c(=O)[nH]1,10000.0,5.0
136227773.0,Nc1nc2[nH]c3cccc(Sc4ccc5ccccc5c4)c3c2c(=O)[nH]1,21.0,7.677780705
135960753.0,COc1ccc(OC)c(Sc2c(C)[nH]c3nc(N)[nH]c(=O)c23)c1,11528.0,4.938246032
135566835.0,Nc1nc2[nH]c3cccc(Sc4cccc5ccccc45)c3c2c(=O)[nH]1,35.8,7.446116973
135566834.0,Nc1nc2[nH]c3cccc(Sc4ccccc4)c3c2c(=O)[nH]1,23.0,7.638272164
135545795.0,Nc1nc(O)c2c(CNc3ccc(C(=O)N[C@@H](CCC(=O)O)C(=O)O)cc3)c[nH]c2n1,8000.0,5.096910013
135543610.0,Cc1[nH]c2nc(N)[nH]c(=O)c2c1Sc1ccc(Cl)c(Cl)c1,11700.0,4.931814138
135529761.0,COc1ccc(OC)c(N(C)Cc2c[nH]c3nc(N)nc(O)c23)c1,10300.0,4.987162775
135528659.0,COc1cc(OC)cc(N(C)Cc2c[nH]c3nc(N)nc(O)c23)c1,4200.0,5.37675071
135513899.0,Nc1nc(O)c2c(CNc3ccc(Cl)cc3Cl)c[nH]c2n1,2200.0,5.657577319
135511915.0,Cc1[nH]c2nc(N)[nH]c(=O)c2c1Sc1ccc([N+](=O)[O-])cc1,244000.0,3.612610174
135497303.0,COc1cc(N2C=C3C(=O)N=c4nc(N)nc(N)c4=C3CC2)cc(OC)c1OC,1120.0,5.950781977
135493459.0,COc1ccc(OC)c(NCc2c[nH]c3nc(N)nc(O)c23)c1,2200.0,5.657577319
135476159.0,COc1cc(N(C)Cc2c[nH]c3nc(N)nc(O)c23)cc(OC)c1OC,37000.0,4.431798276
135462247.0,COc1ccc(Sc2c(C)[nH]c3nc(N)nc(O)c23)cc1OC,20000.0,4.698970004
135461759.0,Cc1[nH]c2nc(N)nc(O)c2c1Sc1ccc(Cl)cc1,3100.0,5.508638306
135444570.0,COc1ccc(NCc2c[nH]c3nc(N)nc(O)c23)c(OC)c1,7100.0,5.148741651
135438608.0,C#CCN(Cc1ccc2[nH]c(N)nc(=O)c2c1)c1ccc(C(=O)N[C@@H](CCC(=O)O)C(=O)O)cc1,245.5,6.609948504
135433714.0,Nc1nc(O)c2c(CNc3cc(Cl)cc(Cl)c3)c[nH]c2n1,4100.0,5.387216143
135430649.0,COc1cc(-n2ccc3c4c(N)nc(N)nc4nc(=O)c-3c2)cc(OC)c1OC,220.798,6.656004865
135422947.0,COc1cc(NCc2c[nH]c3nc(N)nc(O)c23)cc(OC)c1,2600.0,5.585026652
135410875.0,Nc1nc2[nH]cc(CCc3ccc(C(=O)N[C@@H](CCC(=O)O)C(=O)O)cc3)c2c(=O)[nH]1,1655.0,5.781202002
135409517.0,COc1cc(NCc2c[nH]c3nc(N)nc(O)c23)cc(OC)c1OC,9300.0,5.031517051
135409485.0,Nc1nc(O)c2c(CNc3cc(Cl)ccc3Cl)c[nH]c2n1,660.0,6.180456064
135407347.0,Nc1nc(O)c2c(CNc3cccc(Cl)c3)c[nH]c2n1,3500.0,5.455931956
135406535.0,COc1c(Cl)c(-n2ccc3c4c(N)nc(N)nc4nc(=O)c-3c2)c(Cl)c(OC)c1OC,2300.0,5.638272164
135404992.0,Cc1[nH]c2nc(N)[nH]c(=O)c2c1Sc1ccc(C(=O)N[C@@H](CCC(=O)O)C(=O)O)cc1,160.0,6.795880017
135403832.0,Cc1nc2ccc3ccc(CNc4ccc5c(c4)CN([C@@H](CCC(=O)O)C(=O)O)C5=O)cc3c2c(=O)[nH]1,368.5,6.433562508
135402053.0,C#CCN(Cc1ccc2[nH]c(N)nc(=O)c2c1)c1ccc(C(=O)NC(CCC(=O)O)C(=O)O)cc1,263.6,6.579054594
135400182.0,Cc1nc(=O)c2cc(CN(C)c3ccc(C(=O)N[C@@H](CCC(=O)O)C(=O)O)s3)ccc2[nH]1,1376.0,5.861381566
135399760.0,Cc1c(Sc2ccc(C(=O)N[C@@H](CCC(=O)O)C(=O)O)cc2)[nH]c2nc(N)[nH]c(=O)c12,2900.0,5.537602002
90663161.0,Cc1cn(CC[C@H]2C[C@H](O)[C@@H](COP(=O)(O)O)O2)c(=O)[nH]c1=O,2700.0,5.568636236
52947802.0,COc1ccccc1C(=Cc1coc2nc(=N)[nH]c(N)c12)C1CC1,4600.0,5.337242168
52947801.0,CCCCC(=Cc1coc2nc(=N)[nH]c(N)c12)c1ccccc1OC,30300.0,4.518557371
52946619.0,COc1ccccc1C(=Cc1coc2nc(=N)[nH]c(N)c12)CC(C)C,24900.0,4.603800653
52945403.0,CCC(C)C(=Cc1coc2nc(=N)[nH]c(N)c12)c1ccccc1OC,5700.0,5.244125144
52944152.0,CCCC(=Cc1coc2nc(=N)[nH]c(N)c12)c1ccccc1OC,11800.0,4.928117993
52942956.0,COc1ccccc1C(=Cc1coc2nc(=N)[nH]c(N)c12)C(C)C,7500.0,5.124938737
49796224.0,COc1cc(N2C=Cc3c(cnc4nc(N)nc(N)c34)C2)cc(OC)c1OC.O=C(O)C(F)(F)F,760.0,6.119186408
44424991.0,CCc1c(Sc2ccc(Cl)c(Cl)c2)[nH]c2nc(C)nc(N)c12,27600000.0,1.559090918
25218337.0,Nc1nc2c(c(Nc3ccc(Cl)cc3)n1)-c1ccccc1C2,15000.0,4.823908741
25218335.0,Nc1nc2c(c(Nc3cccc(Br)c3)n1)-c1ccccc1C2,13000.0,4.886056648
25218332.0,CC(C)c1ccc(Nc2nc(N)nc3c2-c2ccccc2C3)cc1,15000.0,4.823908741
25216477.0,Nc1nc2c(c(Nc3ccc(Cl)cc3F)n1)-c1ccccc1C2,14500.0,4.838631998
25216476.0,Nc1nc2c(c(Nc3ccc(F)c(Cl)c3)n1)-c1ccccc1C2,14500.0,4.838631998
12803287.0,Cc1cn([C@@H]2O[C@H](COP(=O)(O)O)[C@@H](O)[C@H]2O)c(=O)[nH]c1=O,3400.0,5.468521083
11773511.0,Nc1nc(N)c2nc(CN3c4ccccc4C=Cc4cc(O)ccc43)cnc2n1,26.0,7.585026652
11442756.0,Nc1nc(N)c2nc(CN3c4ccccc4C=Cc4cc(OCCCC(=O)O)ccc43)cnc2n1,9.9,8.004364805
11339680.0,Nc1nc(N)c2nc(CN3c4ccccc4C=Cc4cc(OCC(=O)O)ccc43)cnc2n1,17.0,7.769551079
11317679.0,Nc1nc(N)c2nc(CN3c4ccccc4C=Cc4cc(OCCCCC(=O)O)ccc43)cnc2n1,21.0,7.677780705
11168298.0,Nc1nc(N)c2nc(CN3c4ccccc4C=Cc4cc(OCc5ccc(C(=O)O)cc5)ccc43)cnc2n1,22.0,7.657577319
11155280.0,Nc1nc(N)c2nc(CN3c4ccccc4C=Cc4cc(OCCC(=O)O)ccc43)cnc2n1,28.0,7.552841969
9911146.0,CC(Cc1coc2nc(N)nc(N)c12)c1ccc(C(=O)N[C@@H](CCC(=O)O)C(=O)O)cc1,2100.0,5.677780705
5288461.0,Cc1nc(N)nc2[nH]cc(CCc3ccc(C(=O)N[C@@H](CCC(=O)O)C(=O)O)cc3)c12,1200.0,5.920818754
5271424.0,COc1ccc(CCc2ccc(C(=O)O)cc2)cc1Cc1cnc(N)nc1N,1500.0,5.823908741
5271420.0,COc1ccc(CCCOc2cccc(C(=O)O)c2)cc1Cc1cnc(N)nc1N,210.0,6.677780705
5271419.0,COc1ccc(CCCOc2ccccc2C(=O)O)cc1Cc1cnc(N)nc1N,710.0,6.148741651
643976.0,Cc1cc2nc3c(=O)[nH]c(=O)nc-3n(C[C@H](O)[C@H](O)[C@H](O)COP(=O)(O)O)c2cc1C,500000.0,3.301029996
481401.0,Cc1nc(N)nc2c1c(CCc1ccc(C(=O)N[C@@H](CCC(=O)O)C(=O)O)cc1)cn2Cc1ccccc1,19000.0,4.721246399
457716.0,COc1cc(-c2nc3c(N)nc(N)nc3[nH]2)cc(OC)c1O,1000.0,6.0
158376.0,CN(Cc1coc2nc(N)nc(N)c12)c1ccc(C(=O)N[C@@H](CCC(=O)O)C(=O)O)cc1,19800.0,4.70333481
