Feature,Importance
PubchemFP461,0.009317931121203804
PubchemFP755,0.006299952245437923
maxsBr,0.004837380085289289
nFG12HeteroRing,0.0039275677309804965
nFG12Ring,0.00386091515556185
PubchemFP193,0.0038607637859658485
PubchemFP494,0.0037634768156898923
JGI7,0.0031616132310907097
maxHBint6,0.0029327450465315486
PubchemFP737,0.0029223205322670086
3d-E2m,0.0027310445245917526
PubchemFP779,0.0026967888082232495
PubchemFP696,0.0026134841599914525
AATSC8i,0.0024590957081735755
nBr,0.002451451641307023
PubchemFP759,0.0023031614578849615
3d-RDF85p,0.0022735128946011485
GATS8i,0.002254100804444792
ATSC8i,0.002247630121753652
3d-RDF85v,0.002130036187746265
3d-RDF20m,0.0020853508661488386
3d-TDB9e,0.0020541329815949804
PubchemFP750,0.0019284644886481627
VE2_Dt,0.0019065073306239523
PubchemFP705,0.0018879017413051314
3d-E2p,0.0018812483119586166
BCUTw-1l,0.0018674103340643677
ATSC8c,0.0018502087290492852
3d-RDF95m,0.0017815185460441363
maxHdsCH,0.0017530174558467392
PubchemFP752,0.0017364681719451824
SHBint6,0.0017298898689184438
3d-Du,0.0016647471483210662
CIC3,0.0016336219445454714
GGI7,0.0015974168240186603
3d-RDF20i,0.0015885936804840074
ALogp2,0.0015795806652436517
PubchemFP629,0.001575674876526678
ATSC2i,0.0015599391140203144
GATS6e,0.0015588325561535332
ATSC6e,0.0015386026220304827
nHBint6,0.001529230816241678
nHeteroRing,0.001492216951435632
nHBint8,0.001483569303361254
3d-RDF125m,0.0014712114610692217
PubchemFP258,0.0014668668992940392
nHBAcc,0.001463061101690366
maxHBint9,0.0014573805719045652
PubchemFP656,0.0014573250637802682
GATS2s,0.0014205249508663976
3d-RDF85e,0.0014117940867441115
3d-RDF15v,0.0013976297152207828
minsssCH,0.0013931782759442513
MPC5,0.0013928804547561069
minsF,0.0013833575732143388
PubchemFP797,0.0013689464826430963
ETA_EtaP_B_RC,0.001356701030325802
3d-RDF50m,0.001354818722957485
maxdsCH,0.0013445023414819014
SdsCH,0.001344406517046115
SpMin1_Bhv,0.001330894958032991
SHBint9,0.0013303468823099185
CIC4,0.001327853692539549
3d-TDB9i,0.0013203647771648618
ATSC2e,0.0013169477255886354
PubchemFP577,0.001312033747285468
PubchemFP703,0.001309001665997167
BIC2,0.001303312627809272
3d-RDF85i,0.0012908511464712947
PubchemFP702,0.0012762276817138486
3d-Dp,0.0012606812565924218
SpMin8_Bhv,0.0012530319154420266
ATSC3v,0.0012480296259561817
PubchemFP767,0.001239685196992224
PubchemFP287,0.001231920181946944
AATS8m,0.0012243621312448161
3d-RDF35e,0.0012152705752193405
3d-DPSA-1,0.0012124357315621114
3d-E1v,0.001194108378680958
AATS0m,0.0011923939982219523
PubchemFP440,0.001183100530084824
AATSC7i,0.001179291010039485
minHdsCH,0.0011774265020657038
SsOm,0.001162728288984638
ALogP,0.0011613672484306003
3d-RDF135p,0.0011524663609319918
BIC3,0.0011466165004874295
VE3_Dt,0.0011371194924341243
ATSC2s,0.0011363574886881888
maxsF,0.0011347796660303388
3d-RDF15s,0.0011292876825591102
CIC2,0.0011232335328426601
PubchemFP534,0.001108362544564312
3d-RDF85m,0.0011054038507084974
PubchemFP404,0.0010933477529956992
SIC4,0.0010932382201885194
3d-RDF60e,0.001081866521904884
PubchemFP489,0.0010694475348196231
PubchemFP719,0.0010678668872697306
3d-RDF75s,0.0010661258049555976
3d-TDB8v,0.0010627760955126853
3d-RDF70m,0.0010596413045813712
3d-E1e,0.0010581064914733762
maxHBint3,0.0010530402528898697
3d-Ds,0.0010485453278675672
mindsCH,0.0010485391091562435
ATS0i,0.0010459035551683815
SpMin7_Bhs,0.0010429026097035332
3d-RDF80u,0.0010417954753398572
ntsC,0.0010363069357617217
SP-6,0.0010341468544944777
CIC1,0.0010336687965680658
SHBint8,0.0010312067537458613
SHAvin,0.0010300935448748437
SpMax3_Bhs,0.001028191431124592
3d-RDF20p,0.0010269115921062832
3d-RDF85s,0.0010268930908070128
maxHBint5,0.001026253936303001
SpMax6_Bhi,0.0010234235664405734
AATSC6e,0.0010196366216075115
3d-RDF70u,0.0010195923071801283
SsBr,0.0010092928767937326
ATS4i,0.0010078510812277953
PubchemFP397,0.0010001342596458796
SpMin6_Bhp,0.0009983201261737572
3d-RDF35m,0.0009924525904344672
3d-FNSA-1,0.0009919393555130162
PubchemFP445,0.0009836750708125176
3d-TDB9s,0.0009814864500906518
VR2_DzZ,0.0009802841756272995
3d-RDF90v,0.0009802527499619962
VPC-4,0.0009801681788168426
ATSC6c,0.0009787666862000944
PubchemFP633,0.000973902165869267
MATS1v,0.0009729585261888274
PubchemFP600,0.0009657386880999597
3d-RDF60u,0.0009646562466682385
3d-RDF20e,0.0009637606679664734
MPC9,0.0009604565987871627
VE1_Dt,0.000960407312590783
ATS7e,0.0009516807682030892
PubchemFP419,0.0009486884301319942
3d-RDF25u,0.0009418434020143418
AATSC0m,0.0009416193850287025
3d-RDF140m,0.0009414849583731178
SpDiam_DzZ,0.0009355009702908701
3d-L3m,0.0009320633414352409
SPC-6,0.0009315550123153882
3d-RDF20u,0.0009301614212643861
AATS3s,0.0009263062400323152
maxHAvin,0.0009229976756649716
GATS1p,0.000919337242106233
3d-RDF90p,0.0009188803379128529
PubchemFP364,0.0009134619592946813
3d-E2e,0.0009084583780857525
3d-E1i,0.0009076649261807845
JGI4,0.0009072420586441199
PubchemFP618,0.0009049179144992147
SIC3,0.0009046943940165142
SpMin5_Bhi,0.0009016599372552503
PubchemFP734,0.0009008639142998098
SpMax_Dzi,0.0009000479010521812
3d-RDF130u,0.0008992974505090068
3d-TDB10s,0.0008987085707964027
3d-RDF150i,0.0008956202167348049
SpMin1_Bhp,0.0008954764747247879
GATS7v,0.0008928420664346181
PubchemFP473,0.0008895856609654861
3d-RDF10e,0.0008862351514366207
PubchemFP34,0.0008858996444387924
AATSC3v,0.0008834509633423249
3d-RDF75u,0.0008801981347689947
3d-RDF75v,0.0008780859049099532
3d-P1i,0.0008741504461543092
minHBint9,0.0008720329624795741
SpMin6_Bhe,0.0008714938865409972
3d-RDF140v,0.0008683743268757982
ATS0v,0.0008672868721982807
MATS7i,0.0008649083020423221
3d-RDF105v,0.0008643152836767531
IC2,0.0008623782426114724
ATSC8p,0.0008612949125101022
MATS3v,0.0008606599277704019
3d-RDF115e,0.0008541812389312286
PubchemFP533,0.0008538101904537298
AATSC2s,0.0008519175853728634
SpMax7_Bhi,0.0008487157076523477
3d-GRAVH-3,0.0008470084453485405
3d-WNSA-1,0.0008460726288678111
MATS6e,0.0008441099538680552
3d-RDF95v,0.0008357067330869272
nHBDon,0.0008321484008064095
GATS3v,0.0008292857489800131
3d-RDF15m,0.0008271690565107348
C2SP1,0.0008265917718671024
3d-PPSA-1,0.0008260289166184487
VC-5,0.0008249579010315533
3d-RDF125e,0.0008241785058861528
ETA_EtaP_B,0.0008216401629370651
maxHBint8,0.0008209679741801757
3d-RDF60p,0.0008198681260185414
PubchemFP417,0.0008195587516928393
PubchemFP386,0.0008157922878182178
3d-RDF125i,0.0008137974217308441
MATS7c,0.0008136411694871781
3d-RDF75e,0.0008093567210644248
GATS2m,0.0008064808360294995
3d-RDF150p,0.0008048991511042547
PubchemFP704,0.00080389789652765
3d-RDF65m,0.0008029600774703827
minHBint5,0.0007985550240719342
Kier1,0.00079854912288162
3d-RDF75p,0.0007983318833523878
PubchemFP345,0.0007976732405418185
3d-RDF135s,0.0007976703588174816
3d-RDF40v,0.000792572746487441
SpMin6_Bhs,0.0007919188526762766
AATSC1v,0.0007914709972057898
nFRing,0.0007901753048992766
VC-6,0.000787411331287291
MATS8e,0.0007868502112190923
3d-RDF35u,0.0007827201568831654
ATSC7i,0.0007825421928634113
minsOH,0.0007820846378719937
nN,0.0007812022851629407
ATSC1m,0.0007808896978405255
AATSC7s,0.00078056684363641
SpAbs_Dze,0.0007789201208412532
VR1_Dt,0.0007785145953832396
SpMin5_Bhe,0.0007753596395128959
3d-E1u,0.0007738020603606843
3d-RDF35s,0.0007669388374014763
3d-RDF20v,0.0007657805551996466
SpMax5_Bhi,0.0007655484455794225
nF,0.0007643696493219276
MIC1,0.0007608440563442898
MATS7s,0.0007573048763928059
minHBint3,0.000756157206534136
3d-RDF15u,0.0007551610792909224
3d-RDF40e,0.0007551088127204731
3d-TDB3e,0.0007536214574125566
SpMin4_Bhi,0.0007533379003492157
AATSC3e,0.0007525795421568394
AATSC4s,0.0007478134502114098
PubchemFP726,0.000747596592121802
hmax,0.0007475659185961492
PubchemFP388,0.0007474489039990817
PubchemFP357,0.0007450509872766409
3d-RDF120p,0.000744219702671578
VPC-6,0.0007396554525249454
ZMIC2,0.0007395990236185312
PubchemFP742,0.0007390898492061649
WTPT-1,0.0007374752671245766
naaS,0.0007364777848334003
PubchemFP692,0.0007340008178110758
3d-P1u,0.0007312454576081428
3d-RDF50v,0.0007301149449228661
nHCsatu,0.0007261712262213282
SpDiam_Dt,0.0007260099092760375
3d-WPSA-1,0.0007239805533711286
3d-RDF10u,0.0007230309601601204
ATS4p,0.0007220602405883514
ASP-7,0.0007174212878170328
3d-L3v,0.0007123522910323143
3d-RDF70v,0.0007100841672562752
PubchemFP508,0.0007082643169526337
AATS2e,0.0007082090141055985
ETA_Eta_F_L,0.0007063333957632256
EE_Dze,0.0007043310212781373
3d-RDF100v,0.0007011774333585685
SpMax4_Bhv,0.0007010688679731202
PubchemFP183,0.0007002479119378568
PubchemFP648,0.0006993852175814941
3d-TDB8m,0.0006967820933556412
SpMin8_Bhi,0.0006967477132208355
bpol,0.0006964975904363513
3d-E2v,0.0006955188116832712
SpMin2_Bhe,0.0006882135989694782
3d-RDF140u,0.0006861700242947411
ATSC3e,0.0006853437246231552
ETA_dBeta,0.0006762520358772894
3d-RDF80e,0.0006736470103671732
MATS1s,0.0006725857317119055
PubchemFP195,0.0006686012494606985
SpMin3_Bhm,0.0006681262825688261
3d-Ap,0.0006659477425059567
TPC,0.0006625665880178655
3d-RDF45u,0.0006624558323523822
3d-RDF60v,0.00066065133101878
SpMin5_Bhp,0.0006606312751232579
SIC2,0.0006595147295870741
SHdsCH,0.0006590972486816504
3d-TDB4v,0.0006559579735340604
SpMax7_Bhe,0.0006536013462563383
GATS6c,0.0006521270609484598
PubchemFP839,0.0006508131146736096
BIC1,0.000650472445266026
PubchemFP23,0.0006497171541804403
ATS6i,0.0006476646666874752
AATSC5v,0.0006469352973291099
VE2_Dzs,0.000644776768988431
3d-RDF125p,0.0006422021847618198
PubchemFP335,0.0006403152417417624
PubchemFP498,0.0006397211850175166
3d-TDB7u,0.0006395079249438939
3d-GRAV-5,0.0006377971442014463
VR2_Dt,0.0006355142683382553
MATS4m,0.000631546101778091
3d-E1p,0.0006307996814664651
3d-RDF120u,0.0006281758437396756
VC-3,0.000627921995355818
3d-RDF65u,0.0006266814919826058
AATSC8c,0.0006265418938223522
GATS1m,0.0006244779688322933
ATS5s,0.0006233381555090123
ATSC7c,0.0006233311166464084
ZMIC4,0.0006233038171241767
GATS3p,0.0006202439706018859
PubchemFP487,0.0006171577285012164
VE1_DzZ,0.0006171427745786829
SpMin1_Bhe,0.0006156234031748587
3d-RDF130p,0.0006153806448671029
ATSC7s,0.0006151568801133211
3d-FPSA-1,0.000614515695135931
ATS0e,0.000610143932794649
MPC7,0.0006068853827334242
3d-RDF15i,0.0006054677152014021
AATS3e,0.0006023934143630783
3d-RNCS,0.0005990743638944806
3d-TDB2e,0.0005961254984033548
ATSC5e,0.0005934722543102123
MATS2s,0.000592920027952748
ATSC4i,0.0005929028250088786
ETA_Eta_B,0.0005922819365656417
ATS3i,0.0005922612785142723
PubchemFP460,0.000591132163208874
3d-Ve,0.000589843056442052
3d-RDF135e,0.0005895992366909741
nC,0.0005873751178475661
3d-TDB7i,0.0005859688879330082
3d-RDF150u,0.0005858570292128662
MATS8i,0.0005844713174407046
3d-RDF15e,0.0005831351259417916
SaaCH,0.0005820420713988139
nsOm,0.0005814340391495865
XLogP,0.0005811399368204295
3d-TDB10u,0.0005810767618269375
SpMin5_Bhm,0.0005806089183504892
3d-L1s,0.000579149388379363
3d-RDF50p,0.0005771868027405702
MATS4e,0.0005761780088668567
PubchemFP535,0.0005758188661366681
MPC8,0.0005748073654158858
ATSC5v,0.0005736955496273733
3d-RDF135u,0.0005720976507824771
GATS6m,0.000571852051971089
SpMax6_Bhp,0.0005678919510121005
SpMin4_Bhp,0.0005673675397590894
SHBint3,0.0005663093372996197
3d-RDF65s,0.000566286458626264
SpMax7_Bhv,0.0005642078507746229
GATS7s,0.0005635543181500613
3d-MOMI-XZ,0.0005625014256518734
ETA_dEpsilon_B,0.0005623822173621452
ATS2v,0.0005613949425651965
mintsC,0.0005611195239693778
3d-RDF135i,0.0005611088307140632
SpAD_Dzv,0.0005594169050351261
nHAvin,0.0005593876997159297
SpMin7_Bhi,0.000558376602292543
AATSC5i,0.0005578123985987227
minHBint6,0.0005552040646925494
StsC,0.0005526982573922812
PubchemFP380,0.0005510672806405825
nBondsS2,0.0005469172675553691
PubchemFP637,0.000543556597946726
minHdNH,0.0005434777771971211
maxHsNH2,0.0005420985757538576
ATS2e,0.0005418534998205438
nHdsCH,0.0005414274786549877
3d-RDF135v,0.0005406930734207837
SpDiam_Dzv,0.0005397829600388814
SpMin8_Bhe,0.0005386449123444215
SpMin3_Bhv,0.0005383394532291307
MWC3,0.0005374674272204283
PubchemFP452,0.0005368378814121222
3d-MOMI-XY,0.0005362063237562831
AATS1s,0.000536156792849285
ATSC4p,0.0005356512787601297
3d-TDB2m,0.0005355907426216166
ASP-5,0.0005310459765988318
3d-RDF120e,0.0005306244649284309
SpMin2_Bhi,0.0005290434699733338
VE3_DzZ,0.0005283740162060346
ATSC7e,0.0005276844159721516
JGI5,0.0005263186134690789
3d-RDF80i,0.0005259960482766335
3d-RDF105s,0.0005256718656189152
SpAbs_Dzv,0.0005256321545183851
AATS7m,0.0005249036717388189
hmin,0.0005241967501936395
3d-RDF115m,0.0005197208627872318
MATS3m,0.0005191578711589706
Mare,0.0005183612140802318
AATS2s,0.0005167834482788236
AATS5s,0.000516036826925137
3d-TDB1s,0.0005149000111251522
VPC-5,0.0005138520733155461
MATS3s,0.0005122002435673734
VR3_DzZ,0.0005104715558519879
3d-RDF110p,0.0005094846130106245
Kier2,0.0005086089055846954
3d-geomRadius,0.0005080987210574928
3d-L3p,0.0005074188463769058
3d-RDF115v,0.0005054914384345465
AATS3p,0.0005045933480708698
ETA_Eta_F,0.000503110859817546
SpMin5_Bhv,0.0005026757197436393
ATSC3p,0.0004980887435510062
3d-RDF150e,0.0004937553843886944
AATSC0c,0.0004905516456128467
VE1_Dzm,0.00048795037053901426
AATSC6m,0.00048459044999239477
SPC-5,0.00048363698521296515
VE1_Dzs,0.00048344028988612787
3d-TDB3m,0.00047953376628375735
minHBint8,0.0004793475562552274
ATSC4m,0.00047638567520172923
ATS1p,0.00047341446147616264
ETA_dEpsilon_D,0.00047207775882583957
ATSC0c,0.0004703545982109425
VR2_Dzs,0.00047027389730772693
SpMin4_Bhs,0.00046917325138570167
3d-TDB9u,0.00046773656660159535
MLFER_A,0.0004660505678963256
SpAD_Dzp,0.00046576566355726045
nAtomP,0.0004648558680829695
MATS4c,0.0004646103490213438
JGI2,0.00046355589813544816
SRW2,0.0004635367030091819
AATSC0i,0.00046311217758006064
GATS4m,0.00046298266858103566
nBondsS3,0.00046297781713839915
minHAvin,0.00046256348469472244
3d-TDB9m,0.0004607228583371037
MATS7e,0.0004606841258710803
EE_Dzs,0.0004584245082995042
ETA_BetaP,0.00045402571589922005
3d-LOBMAX,0.00045291110197825946
PubchemFP699,0.0004527824603115183
nRotB,0.0004515605692731794
3d-RDF155s,0.00044932176981883344
3d-RDF100p,0.00044893254340229173
maxaaN,0.0004462306234727542
PubchemFP453,0.0004449209728396797
AATS0i,0.0004438680754322077
VR2_Dzm,0.0004437712407394767
VR1_DzZ,0.00044353975435315054
3d-Dm,0.00044293735757204854
3d-Di,0.00044248300462309544
3d-RDF150v,0.0004412402017594519
MATS1m,0.000439581291310287
3d-RDF35v,0.00043832129170570113
VP-1,0.0004378127187542269
nssS,0.0004344798936127381
MATS8p,0.0004343793259990236
3d-RDF100s,0.0004335766701044186
AATS8s,0.0004328591368987
3d-Ae,0.0004314206180452418
3d-GRAV-1,0.0004282001515321876
SpMax2_Bhm,0.0004275992144708196
3d-L3i,0.00042745471850069716
3d-Dv,0.00042738679507320354
GATS5i,0.0004272799551889417
3d-FPSA-3,0.0004252365150193782
3d-RDF130s,0.00042459996164496695
ATSC5i,0.000422195758616295
SpMax4_Bhs,0.00042202776161829323
maxsCH3,0.0004196874176754961
MATS6c,0.0004184232267486654
AATS1v,0.0004178788420817203
3d-RDF105m,0.00041781003581178313
3d-L1v,0.00041707209497284794
GATS7c,0.0004164633577786514
AATSC7c,0.0004161024075370112
nHdNH,0.00041535124984580784
3d-RDF105u,0.00041346615151650613
SpMax4_Bhe,0.0004122923200722384
sumI,0.0004112032290659595
JGT,0.00041103265724926617
3d-RPCS,0.0004097191195090666
3d-PNSA-1,0.000409180613046356
AATSC4p,0.0004090132871118812
MPC3,0.00040821278800743375
maxHCsatu,0.00040752326085770064
3d-TDB8u,0.0004073327686658468
PubchemFP681,0.00040711632334817783
SHdNH,0.0004063336352453595
SpMax_Dzm,0.000404470317632577
naaaC,0.00040435087892680687
ATS1v,0.0004029081856674388
ATS6p,0.00040055888316417045
MDEC-23,0.0003998396924370318
SpMax5_Bhv,0.0003997382230901403
PubchemFP513,0.00039872632925058715
ETA_dPsi_A,0.0003978599493610124
ATSC3c,0.00039694506293507236
3d-RDF100e,0.00039666547883221437
PubchemFP693,0.0003957299596364039
MWC10,0.00039527854716130405
PubchemFP652,0.0003924116230624386
nBondsS,0.00039187067957761055
C1SP1,0.00039116130427416793
SpMin2_Bhm,0.0003900440182194709
SpMin3_Bhe,0.00038892354710208245
3d-L2v,0.00038786641981636283
AATSC7e,0.000386073607672488
AATS3m,0.00038307151850529574
ndO,0.0003830549691173801
3d-TDB8p,0.00038303233711051154
SpMin6_Bhv,0.0003823488559507204
3d-RDF130i,0.00038218234459950204
AATSC6i,0.0003810741828511599
3d-P2u,0.00038025044935602326
PubchemFP578,0.00037723018120426887
MATS4s,0.0003762175888717523
C2SP2,0.00037582159239178957
SpMin1_Bhm,0.000375352628247394
Sare,0.00037511331672539504
3d-E1s,0.0003749948120669422
SpMin3_Bhi,0.0003749906302694228
3d-RDF145m,0.00037492460740484734
GATS7i,0.0003732219538532089
3d-RDF145u,0.0003710985593405991
3d-Vm,0.00037058208657422267
SssS,0.000370442690060091
3d-RDF95p,0.00036910885866456853
CIC0,0.00036906801303919766
ATS3v,0.0003685262511119336
3d-Ti,0.00036748953059617673
VR1_Dzs,0.0003671342677678324
PubchemFP592,0.00036610050154533
SdNH,0.0003658389300095877
MATS4p,0.0003652530036289736
minHsNH2,0.0003651377252467225
WTPT-5,0.0003633005181052362
MATS2c,0.00036312706163811327
ATSC1c,0.00036299872669558474
PubchemFP358,0.0003625294240248822
AATS4p,0.0003620972513800558
PubchemFP504,0.0003616781105988509
3d-RDF105i,0.00036036926208984357
AVP-7,0.0003601470736864898
nHBint9,0.0003596914754335656
3d-TDB3s,0.0003579225035280964
ATSC0m,0.0003574359572748209
MATS4i,0.00035697899139259804
3d-RDF135m,0.00035648627465409974
ASP-6,0.00035606954618659924
ETA_Eta_L,0.0003560275740523089
PubchemFP308,0.00035476190579240006
PubchemFP695,0.0003547243892932705
PubchemFP18,0.00035456607807271556
3d-Ku,0.000354537611384742
minHBint2,0.00035365581700945724
PubchemFP352,0.0003535736372929477
MDEO-11,0.00035348850338302596
PubchemFP672,0.0003527307569177074
PubchemFP438,0.0003520616753308947
nHBDon_Lipinski,0.000352024055795197
3d-RDF85u,0.0003506887921183699
ATSC1e,0.0003505959190043928
PubchemFP689,0.0003491267843591661
3d-GRAVH-2,0.00034802162921681034
ATSC4e,0.00034618175976349754
MATS4v,0.00034516373131456837
SpMax2_Bhp,0.00034492249003604815
3d-RDF40s,0.0003446891778612904
AATSC6c,0.0003442575725907338
GATS1e,0.00034410603240316864
3d-RDF20s,0.000342877142760889
SpMax5_Bhm,0.0003424624294787515
ATS7i,0.0003423014836567706
MATS5i,0.0003401175928741562
3d-RDF145p,0.0003387155129792374
3d-RDF120v,0.00033806665140077017
LipoaffinityIndex,0.0003353644518142018
maxsssCH,0.0003344880131103567
AATS0p,0.0003343046010254369
GATS5m,0.0003336445196388982
PubchemFP729,0.00033270306130889216
TIC5,0.00033259236076427223
SpMax5_Bhe,0.0003323105527377024
AATS6p,0.00033149314252508557
MATS1e,0.0003302793784183411
PubchemFP431,0.0003298244301441211
ATSC5p,0.00032799034623448575
VP-5,0.0003266717712907763
ETA_Eta,0.0003261206093118418
ATS5m,0.0003245624371073119
BCUTp-1l,0.0003242636051078773
3d-RDF110i,0.0003240071476733997
RotBFrac,0.00032358603876107004
BIC4,0.0003222754263865424
GATS6v,0.00032220890443120933
SpMax5_Bhs,0.0003220880544096305
ETA_EtaP,0.00031971885650412536
3d-P1e,0.00031958935856624127
minssO,0.0003191038751930497
piPC9,0.00031910021382547393
SpMax_Dzv,0.00031898409452487677
ATS6e,0.0003187269098692824
3d-PNSA-2,0.0003178472533296173
ATSC4s,0.00031771657050073677
MATS1c,0.0003173252158601425
3d-RDF10p,0.0003166233493061332
AATS2m,0.00031564355123571143
PubchemFP2,0.0003150555392180454
3d-E2u,0.00031244936812250266
AATS2v,0.00031192004609803536
MATS8v,0.000309823545111243
McGowan_Volume,0.0003092244969289948
3d-RDF155u,0.000308827594818295
PubchemFP646,0.0003086912698393784
maxtsC,0.000308412490031329
nHsNH2,0.00030771144447754305
AATSC1e,0.0003070576714949036
nBondsD,0.00030627030909072814
SpAD_D,0.0003061962703508114
3d-TDB6s,0.00030519112153468695
3d-GRAV-4,0.00030514196189181943
WTPT-4,0.0003048238763699862
AATS6i,0.00030378363460910053
3d-TDB10i,0.00030303265644364695
MATS6m,0.0003016565599091803
PubchemFP770,0.00030053180822200434
PubchemFP609,0.00029973888513604716
ASP-4,0.000299609301788073
AVP-1,0.00029929518183269277
3d-RDF145v,0.0002989042248777163
nBonds2,0.00029692511102455963
3d-TDB8e,0.00029684948818353707
3d-RDF50i,0.0002967048580231668
3d-TDB9r,0.00029424568344473825
PubchemFP667,0.0002941407738120794
GATS1c,0.0002932718201941964
GGI10,0.0002928289099391468
SpMax3_Bhi,0.00029255235457325
AATSC3p,0.0002919698652391056
SpMin3_Bhp,0.00029072129954962336
GATS8c,0.0002901036757937958
nBondsM,0.00029008965792549636
3d-RDF125v,0.00028961226139864185
apol,0.00028909140987378736
AATS0v,0.00028769939638658706
PubchemFP186,0.0002872045525968203
SHCsatu,0.0002867319747776653
SaasC,0.00028647301132933567
ETA_Shape_Y,0.0002841623079971933
PubchemFP478,0.00028348897468293276
3d-RDF10s,0.00028188447582816467
3d-RDF140p,0.00027805952501109844
3d-RDF80m,0.00027653893928097917
TSRW,0.00027507043728237647
3d-Vv,0.000273881980362678
VR1_D,0.00027201649389713145
ATS1e,0.00027108275118992164
ATSC6v,0.00027081957282140137
GATS6s,0.00027036852752972964
mindNH,0.0002701076820844639
MDEN-33,0.00026994498586914163
3d-As,0.0002697249166336513
GATS3s,0.0002681245536052312
nRing,0.00026791598998668895
ETA_Beta_s,0.00026604322474522714
SpMin8_Bhp,0.0002625372303508455
AATS2p,0.0002620520078726041
SP-2,0.0002617927424366839
SpMin7_Bhe,0.0002615324708925337
nF10Ring,0.0002612221905664014
MATS2m,0.00026115816536368406
3d-L2e,0.0002602332560881382
MATS5p,0.00025945607373505374
GGI4,0.00025906137797350183
maxHdNH,0.0002586727451983073
BIC0,0.0002578979926614822
ATSC1p,0.00025774507456745034
JGI10,0.00025745634291945985
MATS5v,0.0002572412925706868
PubchemFP621,0.00025624768187847423
3d-Ks,0.0002549570964127335
3d-Tp,0.00025344154494754133
AATS1p,0.0002530363806168001
PubchemFP21,0.0002526181853919951
ATSC6s,0.0002495312655474424
3d-L1e,0.00024877089483154035
SM1_Dzv,0.0002480674078456646
3d-RDF110e,0.0002477840533119835
3d-RDF40i,0.0002470999197180301
minsNH2,0.0002446898226712291
3d-Av,0.0002446823243271612
ETA_Eta_R_L,0.0002446121264709555
MIC0,0.00024399212766500477
3d-RDF130m,0.0002439609863918002
3d-Au,0.00024335855041694997
3d-GRAVH-1,0.00024198838874863737
PubchemFP194,0.00024188774413463898
3d-RDF155m,0.00024061979048984884
3d-Vs,0.00023979316524450623
3d-Vu,0.00023937743037392157
3d-Ki,0.00023925532485852274
PubchemFP569,0.00023876448374825497
maxdNH,0.0002386111929525314
ATSC3s,0.00023840131615441296
GATS8s,0.0002357834721729457
3d-P1s,0.00023475226370134328
AATS7s,0.0002344510001972555
ASP-0,0.0002339272734817821
nsssCH,0.00023374823918428377
AVP-4,0.00023327148950628152
3d-DPSA-2,0.00023223363954998354
3d-RDF125u,0.00023155782018092764
AATSC4i,0.00023146105038210907
SpDiam_Dzs,0.00023084007878479973
GATS1s,0.00023067342941558434
3d-TDB7v,0.0002284004582277399
3d-RDF90e,0.00022833122988904497
3d-TDB1e,0.00022682664131294937
MPC10,0.0002266669826490597
3d-FNSA-3,0.00022617296627972517
PubchemFP716,0.00022557976850102747
3d-L2m,0.00022532484565673805
WTPT-3,0.00022461370964902417
3d-RPCG,0.00022277138160966547
AATS8v,0.00022272703118891846
R_TpiPCTPC,0.00022267387664878235
Si,0.0002215818041760076
3d-GRAV-6,0.00022113097262573821
AATS2i,0.00022053805294037777
VE3_D,0.00022048299362670276
MDEO-22,0.00022035175061159152
PubchemFP499,0.00021989109686579856
SpMax8_Bhm,0.00021947374441130262
3d-RDF60s,0.0002192133449341771
3d-PNSA-3,0.0002188597662651115
PubchemFP663,0.0002169786787317496
SaaaC,0.0002168539829658811
GGI1,0.00021616479976344083
ATSC0p,0.00021615359362370246
MATS6i,0.0002161385894482337
PubchemFP256,0.00021528521961745596
MIC3,0.00021514428239122196
ATS2p,0.00021393270556399057
VR1_Dzi,0.000213163232907998
3d-RDF105e,0.00021278145617038559
3d-L1p,0.00021246002027428546
SpMin2_Bhv,0.00021229863369455205
AATSC8m,0.0002117641271504822
3d-RDF65v,0.00021031114824194842
SHBd,0.00020917650825592605
3d-RDF25s,0.00020843740067290063
3d-RDF15p,0.00020808547382195064
gmax,0.00020743773204487948
3d-RDF155e,0.0002071809037133443
ETA_EtaP_F,0.00020597870216700897
AATSC1s,0.00020542853165470554
SpAbs_Dzm,0.00020523266030781918
ATS0m,0.00020464922877397874
AATSC4c,0.00020450177269614177
3d-RDF25i,0.0002032421504959414
PubchemFP199,0.00020085240916118964
3d-RDF65e,0.0002007457896628484
PubchemFP601,0.00019852100762628443
PubchemFP447,0.0001979995866767781
VR2_D,0.0001978351420651725
3d-RDF100i,0.00019767434071973344
nRotBt,0.00019716393387532173
PubchemFP697,0.0001970392648433128
JGI3,0.00019546500866319817
SssO,0.00019537424700896144
VR3_Dzp,0.00019418074669338425
3d-Ai,0.00019320482216400592
3d-RDF80p,0.00019252035552326242
PubchemFP536,0.00019225017291450984
SpMax3_Bhe,0.00019203403855395652
3d-E3v,0.0001910089538041948
SHsNH2,0.00019100166107006712
SHaaCH,0.0001906556803330295
TIC2,0.00019038634001931066
topoDiameter,0.00019035021907289895
maxdO,0.0001879679307111637
minsCH3,0.000184224237630104
VE3_Dzs,0.00018191507413996
VR3_Dzv,0.0001807463506907525
PubchemFP470,0.0001807336693373962
PubchemFP33,0.0001806572420457009
StN,0.00017835827611378807
ATS6m,0.00017829358658973948
PubchemFP17,0.0001770405783449558
3d-Km,0.00017678534361008634
TWC,0.00017580772257870249
3d-RDF145i,0.0001753520713868695
ETA_Shape_P,0.00017510412166723554
3d-TDB5s,0.0001740054005067715
MWC7,0.00016994172800286478
3d-RDF30s,0.0001695522485598011
3d-P2e,0.00016954532135365907
3d-RDF75i,0.00016928138303221597
SP-0,0.00016890603391177538
ATSC8e,0.00016877678282299912
AATSC2m,0.0001679246804767165
PubchemFP371,0.00016791661763865262
3d-L2u,0.0001674649821000518
Mpe,0.00016506514132950124
SpAD_Dzi,0.0001645714599756265
GATS4i,0.0001643192637098556
nBase,0.00016427224608605017
MIC5,0.00016389367795049958
3d-RDF155i,0.00016375160488499852
MAXDN2,0.00016348375781689574
maxdssC,0.00016328730032394434
PubchemFP684,0.00016297131993399107
3d-RDF145s,0.00016190794293082788
GATS3e,0.0001618626797124656
PubchemFP12,0.00016126457932141847
GATS3c,0.00016125072495073444
MWC4,0.00016061641324922605
PubchemFP728,0.0001594204851197989
SHsOH,0.00015884296123128694
PubchemFP758,0.00015825712161723348
AATSC3c,0.00015794072326114073
3d-RDF110u,0.00015774111831377003
PubchemFP355,0.00015682010142646917
SpMin4_Bhv,0.0001565139665945403
3d-RDF95u,0.00015525234016142698
VE2_DzZ,0.0001525913978460358
SpMin1_Bhi,0.000151695736134172
PubchemFP516,0.00015092713667103075
ATS2s,0.00015088657454430664
AATS1e,0.00015010295095301273
3d-TDB4r,0.00014926638106543821
3d-TDB9v,0.00014869410821585216
nHBint10,0.00014855992938860306
3d-RDF45s,0.00014557656036892074
SpAbs_Dzs,0.00014519250836044772
PubchemFP435,0.00014481629582190346
3d-RDF150m,0.0001441958302435431
3d-De,0.00014304050958733328
3d-TDB4m,0.0001427500991239561
PubchemFP579,0.0001403351090748961
SHBint4,0.00014033040358012449
3d-TDB6v,0.00014023351412596475
3d-Vi,0.00013961144255582038
VE2_D,0.00013923165373971313
SpMin5_Bhs,0.00013890721853047073
3d-RDF25e,0.00013884843806453163
VR2_Dze,0.00013809151008785657
EE_Dzp,0.00013712904711526974
3d-Kp,0.00013664741524270773
minHCsatu,0.00013588130358301864
PubchemFP686,0.00013498247445943302
AATSC8s,0.00013444653797693994
AATSC8e,0.00013339060973469597
SpMAD_Dzm,0.00013235648945265633
MAXDP,0.00013223912073272447
ATS4v,0.00013196589865032137
ETA_Shape_X,0.0001310941122327325
AATSC2v,0.0001310540819119854
maxsNH2,0.00013080454171858767
nHBAcc3,0.0001298158984789133
ETA_BetaP_ns_d,0.00012966459615647573
AATSC6s,0.00012949309616406836
nHother,0.00012903026000210538
VE3_Dze,0.00012867484564097476
3d-WNSA-2,0.000125873354055972
3d-RDF35p,0.00012508811156017874
3d-TDB7m,0.000123882650380025
AATS7v,0.00012343242934169661
PubchemFP180,0.000122731088722261
3d-RDF30m,0.00012153157629744005
3d-TDB3r,0.00012018294103167681
MDEO-12,0.00011955634689854166
PubchemFP821,0.00011829692473342978
ETA_Beta_ns,0.00011759338836372368
SsF,0.00011731939923591561
SC-3,0.00011730376612015814
3d-RDF155v,0.00011622463224818525
AATSC0e,0.00011521779219979545
3d-TDB1p,0.00011515884448077829
ntN,0.00011450057679329717
PubchemFP741,0.00011300703880854357
3d-RDF25p,0.00011267957946720086
MATS3c,0.00011260295490345129
MDEC-34,0.00011246825523627546
PubchemFP620,0.00011014810513939599
3d-RDF45i,0.00010943635091887893
MATS6p,0.00010919191097122916
SpMax3_Bhp,0.00010823146598296641
piPC10,0.00010674388835202331
ATSC5m,0.00010648782981290684
3d-TDB2s,0.00010575803408651163
Mi,0.0001046403763370396
PubchemFP338,0.0001041327980839446
SpMax8_Bhe,0.00010384949141236665
3d-RDF45v,0.00010324489425729277
3d-TDB2v,0.00010320001522354794
SC-6,0.00010312987023046727
3d-RDF130e,0.00010138548231611866
ATSC5c,0.00010004174493410956
nTRing,9.981073596121437e-05
3d-RDF10i,9.933833022824911e-05
3d-RDF30e,9.783246163963533e-05
3d-RDF50s,9.757442683940853e-05
MWC9,9.723593704027422e-05
JGI6,9.691782122097647e-05
PubchemFP484,9.63782788877765e-05
PubchemFP405,9.567500204071822e-05
SpMin6_Bhm,9.376758620011083e-05
PubchemFP396,9.307862147910351e-05
3d-RDF115i,9.168395233887239e-05
SRW4,8.946480104874422e-05
SpMax_Dzs,8.89954941653781e-05
3d-TDB7p,8.836803620942968e-05
SpMax4_Bhp,8.792149501659629e-05
VP-3,8.771572016368357e-05
SC-5,8.760169092650872e-05
GATS2e,8.754554998577913e-05
3d-RDF130v,8.646435552017717e-05
MATS8c,8.526008957301378e-05
3d-Vp,8.51742225433938e-05
ASP-1,8.464261896947711e-05
3d-RDF145e,8.446149286638338e-05
minaaaC,8.327117344538725e-05
MDEN-11,8.207074573474138e-05
3d-RDF65i,8.177863630451921e-05
maxsOH,8.152908452044861e-05
3d-TDB2p,8.063581323389802e-05
SpMAD_D,8.063151063508744e-05
3d-TDB4p,8.017302690394024e-05
maxssCH2,7.845707404227075e-05
PubchemFP593,7.778163083866918e-05
3d-TDB7r,7.602027277843204e-05
ATS2i,7.494330011232897e-05
3d-TDB6r,7.424694405956389e-05
3d-RPSA,7.406942362089274e-05
3d-TDB3u,7.346616075976087e-05
SRW8,7.242735796049171e-05
3d-Te,7.183901916075763e-05
SsNH2,7.117572777801673e-05
3d-TDB5v,7.026870732032008e-05
VR3_Dze,6.828788951184217e-05
AATS6m,6.801240749669813e-05
SpMAD_Dzp,6.797643758529314e-05
ATS0s,6.643327116493403e-05
3d-DPSA-3,6.602262992384533e-05
3d-RDF120m,6.544132850390127e-05
3d-RDF105p,6.5158757262751e-05
nssCH2,6.317935382447182e-05
MWC2,6.27514146039121e-05
Mp,6.179289020438183e-05
maxHBa,6.118447242916547e-05
MLFER_BO,6.05947509944027e-05
piPC7,6.011677817677752e-05
3d-RDF50e,5.78510312273961e-05
piPC5,5.609532094811298e-05
SpAD_Dze,5.570478411051072e-05
3d-RDF40p,5.455799095956948e-05
AATSC4m,5.372031283641387e-05
PubchemFP736,5.3191982263323115e-05
MATS3p,5.234208871162105e-05
DELS,5.193883339021932e-05
VR3_Dzm,5.187317528420055e-05
PubchemFP720,5.174811477229868e-05
VR1_Dze,5.088675362837636e-05
PubchemFP710,5.061042558400786e-05
MDEC-22,4.859602038435051e-05
SdsssP,4.756458198333924e-05
SpMax7_Bhs,4.7054113258993005e-05
VP-7,4.590126649767212e-05
PubchemFP259,4.532621864663522e-05
MDEN-22,4.525594410249578e-05
GGI8,4.4521584803580706e-05
GATS1v,4.4226228170596295e-05
SpMax6_Bhv,4.281581832621395e-05
PubchemFP257,4.258408921774537e-05
PubchemFP144,4.2116506214895375e-05
3d-FNSA-2,4.2013844937827115e-05
PubchemFP526,4.1641729100649894e-05
SM1_Dzm,4.062372248755386e-05
AATS5p,3.9886320995075054e-05
VR3_Dzi,3.8736275533302056e-05
MIC2,3.813572051016845e-05
3d-E3p,3.784880959214476e-05
SpMax8_Bhs,3.7007742729233686e-05
SP-5,3.6906063282560184e-05
PubchemFP442,3.4101597081370726e-05
ATS6v,3.3428044465644294e-05
GATS2c,3.293030707182121e-05
3d-WNSA-3,3.232158524817397e-05
SpMax1_Bhp,3.0211555249415323e-05
3d-RDF25m,2.964991076234158e-05
ATS4m,2.7783085845478615e-05
3d-TDB3v,2.689418994127335e-05
3d-RDF140s,2.627582696912434e-05
3d-RDF110v,2.6051798246973233e-05
ATS1i,2.5365179792913307e-05
EE_Dzi,2.0042646064921676e-05
ATS1m,1.9532336425820418e-05
PubchemFP757,1.8490429065820546e-05
PubchemFP599,1.586966845112947e-05
SpMax3_Bhv,1.3470577637764159e-05
3d-RDF50u,1.341752287337128e-05
3d-Tv,1.3343537511012471e-05
SHCsats,1.2541305813895675e-05
maxHBint2,1.2442577460824999e-05
3d-P2s,1.1635161941692118e-05
MLFER_L,1.1464639345803995e-05
PubchemFP179,1.1127466785443296e-05
3d-Kv,1.0926175985170872e-05
mindssC,1.0053719512970184e-05
SpMax6_Bhm,9.939656725965751e-06
IC4,9.208516933401079e-06
nHsOH,8.498522243216566e-06
PubchemFP580,5.340869132253178e-06
VP-4,5.282851639565323e-06
3d-RDF25v,4.395871919571359e-06
PubchemFP636,3.0797651886960155e-06
3d-TDB7s,3.06844157035302e-06
ETA_Epsilon_2,1.1453043077147562e-06
PubchemFP376,1.0001948053228738e-06
SsI,0.0
PubchemFP467,0.0
PubchemFP468,0.0
3d-TDB4i,0.0
3d-TDB1i,0.0
PubchemFP462,0.0
nHsssNHp,0.0
PubchemFP559,0.0
PubchemFP840,0.0
PubchemFP496,0.0
PubchemFP722,0.0
PubchemFP519,0.0
PubchemFP1,0.0
PubchemFP746,0.0
SRW3,0.0
nHtCH,0.0
PubchemFP3,0.0
PubchemFP13,0.0
PubchemFP15,0.0
maxssssC,0.0
3d-TDB2i,0.0
PubchemFP724,0.0
3d-TDB1u,0.0
PubchemFP25,0.0
nI,0.0
3d-TDB3i,0.0
PubchemFP560,0.0
PubchemFP150,0.0
PubchemFP649,0.0
SssssBm,0.0
SHsssNHp,0.0
SHtCH,0.0
PubchemFP347,0.0
PubchemFP730,0.0
C4SP3,0.0
SCH-3,0.0
MDEC-44,0.0
PubchemFP679,0.0
SCH-4,0.0
VCH-4,0.0
PubchemFP765,0.0
PubchemFP687,0.0
PubchemFP760,0.0
SsssNHp,0.0
PubchemFP375,0.0
PubchemFP305,0.0
PubchemFP299,0.0
PubchemFP631,0.0
StCH,0.0
PubchemFP153,0.0
3d-TDB5i,0.0
PubchemFP582,0.0
PubchemFP587,0.0
nddssS,0.0
PubchemFP190,0.0
PubchemFP449,0.0
PubchemFP505,0.0
PubchemFP610,0.0
PubchemFP215,0.0
SddssS,0.0
n4Ring,0.0
n3Ring,0.0
PubchemFP622,0.0
nB,0.0
PubchemFP446,0.0
PubchemFP727,0.0
3d-geomDiameter,-3.0062323350121822e-06
PubchemFP645,-5.214875287529175e-06
3d-P1p,-5.430741947298756e-06
3d-RDF100m,-5.572211454474285e-06
3d-L1m,-6.183819845340111e-06
SP-7,-6.744066098052226e-06
MDEN-12,-9.110770706510785e-06
ATS5i,-9.517176801121519e-06
GATS4c,-9.526235814805162e-06
SpMin7_Bhv,-1.1112539732560655e-05
SpMax5_Bhp,-1.1306136877087259e-05
C1SP3,-1.164062465023319e-05
3d-MOMI-X,-1.3564643793761988e-05
PubchemFP639,-1.3908958837083319e-05
SpAD_Dzs,-1.4517430683880229e-05
PubchemFP694,-1.4858118498495276e-05
IC3,-1.5260797498950483e-05
3d-RDF95i,-1.5727883378113816e-05
ZMIC0,-1.580591858576508e-05
AATSC3s,-1.655061470601238e-05
SpDiam_D,-1.6840153738151287e-05
MLogP,-1.740684193884956e-05
FMF,-1.7609847278199363e-05
SpMAD_Dzv,-1.794112456453556e-05
3d-RDF125s,-1.837390500979419e-05
3d-TDB6i,-1.8986874753912363e-05
mindO,-2.0165876171551745e-05
SHaaNH,-2.2789273501122586e-05
SpMax_D,-2.388179988206396e-05
maxssO,-2.5478554971225532e-05
PubchemFP709,-2.560409893429538e-05
ATS5e,-2.6270957733565137e-05
Kier3,-2.6498725318491177e-05
maxHBint7,-2.6760098956934987e-05
AATSC8p,-2.6895112619707006e-05
SM1_Dzp,-2.772336240444151e-05
SpMax1_Bhv,-2.7762338477388403e-05
SpAbs_DzZ,-2.7912674671948245e-05
MWC5,-2.8460491820647693e-05
ATSC6i,-2.944685780598144e-05
VE1_D,-2.984096468267028e-05
ETA_Beta_ns_d,-3.0096008111146765e-05
AMR,-3.175272874738067e-05
SIC0,-3.224692991924405e-05
PubchemFP688,-3.2800541833366556e-05
AATS5v,-3.3690382386541984e-05
SssCH2,-3.71164930299539e-05
ATSC0s,-3.755109686477409e-05
MATS5e,-3.8300181674022495e-05
JGI1,-3.917203087703269e-05
minaaN,-3.9300293945609965e-05
nHBint5,-3.9744045613121506e-05
GATS5v,-4.1287998683370295e-05
TIC0,-4.16073137210482e-05
ATSC1s,-4.225792211597357e-05
IC5,-4.282133610871153e-05
3d-RDF115u,-4.2844728088531345e-05
AATS4s,-4.390151173553347e-05
ATS3p,-4.412215975075906e-05
GATS6i,-4.439473541865135e-05
AVP-3,-4.44655086314083e-05
ndssC,-4.512981732247567e-05
VE1_Dze,-4.527484981110552e-05
VAdjMat,-4.575611005835922e-05
VR1_Dzv,-4.589986302889759e-05
GATS4e,-4.617287381711854e-05
nH,-4.687366945920202e-05
3d-Ke,-4.7453950991593885e-05
PubchemFP528,-4.770776973268553e-05
3d-L3u,-4.778181755772381e-05
3d-E2i,-4.8077739936269734e-05
minaaCH,-4.935716211714736e-05
SpDiam_Dze,-5.1518820991691694e-05
maxaaaC,-5.183842744991285e-05
3d-TDB10e,-5.239226968887234e-05
3d-TDB10r,-5.289495177465131e-05
AATS7p,-5.3378757401634225e-05
ATS6s,-5.392543888158574e-05
3d-RDF90u,-5.431663876334092e-05
3d-RDF115p,-5.523702794171248e-05
3d-MOMI-Y,-5.590131026751432e-05
GATS8p,-5.678103209099117e-05
C3SP3,-5.9496793782498615e-05
SpDiam_Dzp,-5.9817521053662226e-05
PubchemFP206,-5.998703767564617e-05
3d-RDF95s,-6.215266151414767e-05
3d-P1m,-6.287061078276146e-05
PubchemFP751,-6.621741854642149e-05
ATS3m,-6.684965027151658e-05
3d-GRAV-3,-6.706155768985145e-05
PubchemFP372,-6.845041078969993e-05
minHother,-6.880746708551878e-05
TIC1,-6.912665553666652e-05
naAromAtom,-6.93850052130296e-05
MDEC-33,-6.941534226447831e-05
MPC4,-6.947317892354032e-05
VE3_Dzi,-6.975314914333674e-05
ETA_Epsilon_3,-7.092895336021642e-05
SHother,-7.147129600770796e-05
3d-RDF75m,-7.15368808947292e-05
nAtomLAC,-7.381136375653741e-05
3d-RDF40u,-7.394539483872587e-05
HybRatio,-7.474353897337637e-05
3d-RDF45e,-7.50337462452455e-05
MATS2i,-7.567181840962833e-05
3d-L1i,-7.57095974949773e-05
AATSC1p,-7.631715047476951e-05
PubchemFP581,-7.855635295433983e-05
3d-L1u,-7.882420892032504e-05
WPOL,-7.891652791479631e-05
AATSC5p,-8.052502170308173e-05
3d-RDF70e,-8.07766540242727e-05
AATSC5m,-8.09117552858507e-05
WTPT-2,-8.091199109401259e-05
SpMax2_Bhe,-8.102447703287608e-05
nAtomLC,-8.316109923433013e-05
MATS8s,-8.387180615785362e-05
ZMIC3,-8.416539360579511e-05
ETA_dEpsilon_C,-8.508470896242403e-05
MATS8m,-8.564028328428286e-05
SpDiam_Dzi,-8.690790646468383e-05
ETA_Eta_R,-8.750005614927003e-05
VE3_Dzp,-8.83768517172534e-05
MLFER_S,-8.950290621542178e-05
PubchemFP370,-8.968024459493629e-05
minssssC,-9.095515477984817e-05
SpMin3_Bhs,-9.130978730544914e-05
VE2_Dzv,-9.256610518766361e-05
PubchemFP434,-9.294472084399041e-05
PubchemFP359,-9.405378877980208e-05
minHBa,-9.473142241996912e-05
PubchemFP698,-9.54460029125026e-05
ATSC6m,-9.635121318332107e-05
3d-TDB10p,-9.69056909330912e-05
AVP-0,-9.794640754392513e-05
GATS5e,-9.844593449626071e-05
nHBint2,-9.964666660985388e-05
ATS7p,-0.00010406173010515384
PubchemFP607,-0.00010708306277372737
AATSC1c,-0.00010710591321584362
3d-RDF35i,-0.00010760467010161312
3d-RDF115s,-0.00010768152611374537
SpAbs_Dzi,-0.00010835958102107801
ATS0p,-0.00010963741738534427
VR3_Dt,-0.00011048059002923826
AATSC1m,-0.00011149774481267194
PubchemFP432,-0.00011181272953775245
PubchemFP339,-0.00011196142077763982
ATSC2m,-0.00011290731445902091
AMW,-0.0001135184600876693
AATS6s,-0.00011361891027326099
PubchemFP539,-0.00011365147541230192
VR3_Dzs,-0.00011426978204975846
3d-TDB5p,-0.00011471087139036662
EE_D,-0.0001151384086149232
SpMAD_Dze,-0.00011568103916065331
AATSC4v,-0.00011605767481261963
PubchemFP557,-0.00011612477342023419
VP-6,-0.00011887273090270823
3d-Ts,-0.00011908793540289508
3d-MOMI-R,-0.0001191180075141185
3d-TDB8r,-0.00012120235353101361
VP-0,-0.0001215840672600832
GGI2,-0.00012167239129688978
nP,-0.00012192947813705057
PubchemFP16,-0.00012209398301473717
3d-RDF90m,-0.00012259676725389078
AATS1m,-0.0001234731858388627
SpMax2_Bhi,-0.0001238778323151335
SpMax3_Bhm,-0.0001240328655710221
minaasC,-0.0001245146390370988
3d-L3e,-0.00012567790141384538
ETA_Eta_B_RC,-0.00012615666251963864
maxHsOH,-0.00012825080070550944
3d-RNCG,-0.00012838445711340629
ATS8s,-0.0001293773798998421
maxaaNH,-0.00013236158407046173
SaaNH,-0.00013491936999936448
nHeavyAtom,-0.00013565611678031386
MATS6v,-0.0001363066369837518
3d-RDF155p,-0.00013801709220293557
SPC-4,-0.00013802726279981136
MLFER_BH,-0.00013903102622518925
ATS3s,-0.00013975351064152708
PubchemFP366,-0.0001408136493954326
3d-MOMI-Z,-0.00014177279238858365
PubchemFP374,-0.0001418767866468773
minssS,-0.00014226621783178795
VP-2,-0.0001427918899228886
SsOH,-0.00014294496944842195
PubchemFP19,-0.00014608309358672412
3d-TDB8i,-0.0001464692292491465
n6HeteroRing,-0.00014654806672922404
PubchemFP38,-0.00014684158015475511
EE_DzZ,-0.00014744729279229097
nO,-0.00014745154778230684
ETA_Beta,-0.0001497548668452753
PubchemFP768,-0.00014983788363072127
3d-P2v,-0.00015072418750762263
AVP-2,-0.00015113549789589343
fragC,-0.0001516382687737461
3d-TDB4u,-0.00015172234434451815
SpMin8_Bhm,-0.00015230848510163763
AATS3v,-0.00015250269462528941
ATS4s,-0.00015323970436450506
Sp,-0.00015352346531642968
PubchemFP715,-0.00015431824652599734
CrippenMR,-0.00015442811788616285
topoRadius,-0.0001551667891978581
3d-MOMI-YZ,-0.00015609362323207865
piPC1,-0.00015627081139838462
3d-geomShape,-0.00015663267203929187
VE2_Dzm,-0.00015695425877743086
GATS3i,-0.00015715115637694456
ATSC4c,-0.0001606444487345482
VR3_D,-0.00016153337060480498
maxaasC,-0.00016171284495271055
BCUTc-1l,-0.00016257020554333312
MWC6,-0.00016329503492586994
PubchemFP493,-0.00016368399210938688
VR1_Dzm,-0.0001662343648355713
ATS2m,-0.00016691530097743268
SpMax7_Bhm,-0.00016697725899588177
SpMin2_Bhs,-0.00016846766987940187
PubchemFP617,-0.00016913030361168647
Mv,-0.0001691552918633321
PubchemFP260,-0.0001705135505075117
3d-LOBMIN,-0.00017195582907179042
nHBa,-0.00017308094072054914
ASP-3,-0.00017322991980434077
SpMin4_Bhe,-0.00017568593105137252
3d-Tm,-0.00017694432425992003
SpMax1_Bhi,-0.00017790279803616693
ZMIC1,-0.00017826161554124198
TpiPC,-0.00018073008790554513
minHsOH,-0.00018199554629678706
3d-RDF90i,-0.00018298842267742144
SssNH,-0.00018481113661993341
SpMax_Dze,-0.00018545031338235152
MATS3i,-0.0001867443616212494
AATSC0s,-0.0001870945289575987
n6Ring,-0.00018774110367703045
ATS8i,-0.00018799424978589442
SpAD_Dt,-0.0001883390230176363
3d-RDF65p,-0.00018964273659299868
SP-4,-0.0001900159453081196
GATS7p,-0.00019218076266281915
3d-P1v,-0.00019299415781944828
VR2_Dzi,-0.00019385852174181873
nwHBa,-0.0001947311212669556
ETA_BetaP_s,-0.0001949762029907043
AATS5i,-0.00019543190812910672
3d-RHSA,-0.00019663816669026612
SpMax4_Bhi,-0.00019751026681393835
3d-L3s,-0.00019875679944065806
minHBint10,-0.00019967118752616252
ATSC6p,-0.00020071645403152427
SaasN,-0.0002019719000286413
3d-TPSA,-0.00020224449739042472
PubchemFP218,-0.00020229259415628366
AATS0e,-0.0002039390012558262
PubchemFP532,-0.00020430949523736475
AVP-6,-0.00020612156269238512
3d-TDB10v,-0.00020667770564561928
3d-P2i,-0.0002085066479826092
3d-RDF140e,-0.00020882637389880722
SpMax_Dt,-0.00021062552512567389
3d-TDB6e,-0.0002120265716246128
AVP-5,-0.00021265528217858653
3d-RDF70p,-0.00021290093671629817
SpMax6_Bhe,-0.00021303991433803128
GATS7e,-0.00021448272112926104
SpMax8_Bhi,-0.00021731934306052915
GATS2i,-0.0002175802801788973
3d-Tu,-0.00021850718874810715
Spe,-0.00021929464675697342
MATS2p,-0.00022170677067190336
AATS8i,-0.00022222027612907037
SpMAD_Dzs,-0.00022227003898069863
SP-1,-0.00022444239285892564
ETA_AlphaP,-0.00022495716723724968
3d-L2p,-0.00022561616001177677
SpMin4_Bhm,-0.0002291715532950156
3d-RDF30i,-0.00022939955489126307
MATS7m,-0.0002298261473294261
PubchemFP443,-0.00022984235616028137
3d-TDB6p,-0.0002298766654930229
SaaS,-0.00023243002260610047
maxaaCH,-0.00023291922523165364
PubchemFP521,-0.0002363774641398475
GATS8e,-0.00023711572459060858
VABC,-0.00023995814906452306
AATSC4e,-0.00024058373423513357
SpMax_Dzp,-0.00024098706464722452
SpDiam_Dzm,-0.000241458055307453
SpMax4_Bhm,-0.00024190398283814308
minssCH2,-0.00024431424830620994
EE_Dzm,-0.00024551925943195886
ETA_dEpsilon_A,-0.00024592811906642975
ATS4e,-0.00025076803759570553
3d-TDB6m,-0.00025142764849068745
nHBAcc2,-0.00025282517924879455
ETA_Psi_1,-0.0002533497504521809
ATS1s,-0.0002539357984717161
GATS5p,-0.00025435590052665937
nF11Ring,-0.0002544342388708487
3d-TDB3p,-0.0002550170637083293
PubchemFP731,-0.0002553051632978809
3d-RDF30p,-0.0002558757317526972
SM1_Dzs,-0.0002560339437364112
3d-RDF110s,-0.0002565490911156765
ETA_dAlpha_B,-0.0002569289065976199
ATSC0e,-0.00025731105390340846
PubchemFP683,-0.0002582442596671064
IC0,-0.00025963866547663584
Zagreb,-0.00026084054930218813
AATSC7v,-0.00026228865626012345
SpMax6_Bhs,-0.00026664751638628693
SwHBa,-0.0002671336931890034
MWC8,-0.00026825783394721634
nBonds,-0.00026913225314082465
TIC4,-0.0002692351123530723
SpMin6_Bhi,-0.00026998898165778715
3d-TDB10m,-0.0002705734811011107
MW,-0.0002739615041867594
SpMAD_Dt,-0.00027400499068336304
3d-RDF90s,-0.0002759338968493785
MPC6,-0.0002783175934720994
3d-TDB7e,-0.0002806978640727431
PubchemFP476,-0.00028333839154077723
PubchemFP735,-0.00028378996656140963
PubchemFP381,-0.00028404096991130334
PubchemFP485,-0.0002846900890990489
nAromBond,-0.0002854856467709221
SpAD_DzZ,-0.0002855411589813839
GATS7m,-0.00028599777451635553
piPC8,-0.0002873690214658553
ETA_Epsilon_5,-0.00028785438554177476
SsCl,-0.000288342190060642
SdO,-0.0002894277873595974
3d-L2i,-0.00028982374762425155
ATS8v,-0.0002914876871830119
3d-P2m,-0.000292124437777963
PubchemFP597,-0.0002937916123087692
SpMax7_Bhp,-0.00029470012026011627
TIC3,-0.00029554061389732713
MAXDP2,-0.00029614587757795794
BCUTc-1h,-0.00029664203038195505
ATS7m,-0.00029666706352633466
AATS5e,-0.00029885472906751034
PubchemFP394,-0.0002998009374513999
PubchemFP671,-0.0003009463725878847
SpMin2_Bhp,-0.0003025166758770292
PubchemFP708,-0.0003051650696379138
AATS1i,-0.00030535049127988767
PubchemFP747,-0.00030650529049566224
3d-TDB1m,-0.0003069386605611513
nAtom,-0.000308825053594497
3d-TDB5m,-0.0003094352974718495
PubchemFP349,-0.00031151764848459386
PubchemFP540,-0.000312217425408623
PubchemFP378,-0.0003147578620182223
ETA_Alpha,-0.00031752654944567916
SP-3,-0.0003184075645883966
MDEC-12,-0.00031911977109625453
naaN,-0.0003199648839858904
3d-RDF55u,-0.00032044310078553905
ATSC8s,-0.0003211874075771504
nF10HeteroRing,-0.0003212931443467348
SCH-7,-0.0003226537089236925
3d-RDF150s,-0.00032424958195387266
VE1_Dzi,-0.00032468604538754553
ATS5p,-0.00032482884019096047
3d-P2p,-0.0003260211770934829
PubchemFP20,-0.0003280559311201747
3d-RDF140i,-0.00032881092510761434
SIC5,-0.0003292702247546297
ETA_Epsilon_1,-0.00032998366593444127
meanI,-0.000330784174333576
PubchemFP420,-0.000330859975040676
CrippenLogP,-0.00033103620763603737
JGI8,-0.00033175179066340376
SHBint2,-0.00033372548351741084
AATSC7p,-0.0003342876460974087
3d-WPSA-2,-0.00033453596969706956
AATS4m,-0.0003352461973859744
piPC4,-0.0003392256156473872
MATS5s,-0.0003397550817802131
3d-TDB5r,-0.0003402623572693386
AATSC2p,-0.0003407091074184909
PubchemFP187,-0.0003412893478349055
3d-RDF10v,-0.00034180753693392464
n7Ring,-0.0003426652768374616
GGI5,-0.00034313484275065863
SpMax2_Bhs,-0.000345475422809427
piPC3,-0.0003479144331098305
3d-PPSA-2,-0.00034987566703567066
3d-RDF70s,-0.0003499764433125607
3d-E3i,-0.0003509393533740246
SaaN,-0.0003514929937151412
MDEC-11,-0.0003522154707772951
DELS2,-0.00035368493749161624
AATSC0p,-0.00035392707574697366
PubchemFP665,-0.00035488649315308375
PubchemFP412,-0.0003561128296022842
3d-RDF60m,-0.0003563256979052687
ATS7s,-0.00035641121214500247
SRW6,-0.0003572165948953265
PubchemFP842,-0.00036057390952208833
nHaaNH,-0.000361409153662684
3d-E3s,-0.00036150739017898337
AATS0s,-0.0003617662461537829
ETA_dBetaP,-0.00036219690125587344
3d-RDF55e,-0.0003625260442981948
ATS8p,-0.0003648805555711232
Sse,-0.0003651910513918444
nHaaCH,-0.0003659830494373684
PubchemFP341,-0.00036761785149383994
ATSC0v,-0.0003689137634507178
PubchemFP594,-0.00037016667588616323
3d-RDF120s,-0.00037074939713871435
PubchemFP439,-0.0003740263830279922
SpMax1_Bhe,-0.00037706872395942836
3d-RDF45p,-0.00037753369263742175
ATSC1v,-0.0003793827631940694
SpMin7_Bhp,-0.00038003073840340294
GATS1i,-0.00038070735042586843
SHBa,-0.00038406407288427147
nHBint4,-0.00038442065928814275
ASP-2,-0.00038486695580858266
AATS6v,-0.0003854580604160551
Mse,-0.0003875838590149505
3d-RDF80s,-0.0003881967862431335
PubchemFP725,-0.000389324811003966
nS,-0.0003911066476393832
3d-THSA,-0.0003913869056603292
3d-TDB4e,-0.00039621117614990764
ATS3e,-0.0003998219907382583
PubchemFP674,-0.0004005239121961379
ATSC8m,-0.00040170516273509984
ATS5v,-0.0004023067474514308
PubchemFP488,-0.0004028019989295251
AATSC3i,-0.00040301559617652585
PubchemFP643,-0.00040306635998056396
maxHother,-0.00040309899254552527
SpMax1_Bhm,-0.00040399214858866106
3d-RDF10m,-0.0004040972593309489
3d-RDF120i,-0.0004044739679821552
PubchemFP680,-0.000405290573915118
minsCl,-0.0004054259727823362
SdssC,-0.00040743554832648463
maxHCsats,-0.0004090185264942092
MLFER_E,-0.0004090911489253446
SpMax8_Bhp,-0.0004107471563648768
MIC4,-0.00041326518391294754
BCUTp-1h,-0.0004173865945465427
SpMax1_Bhs,-0.000418493000574216
VE3_Dzv,-0.00042145996762829043
MAXDN,-0.0004229661449917099
PubchemFP544,-0.0004250874806194571
PubchemFP653,-0.0004269508628481744
SpAbs_Dzp,-0.0004284415470872216
3d-TDB8s,-0.00042994345662877853
naasN,-0.00043247614351374917
piPC6,-0.00043325362124669865
PubchemFP685,-0.0004351339391885145
3d-RDF95e,-0.0004358116054633432
maxHBd,-0.00043743814516457037
PubchemFP590,-0.000438800646360038
ETA_EtaP_L,-0.00044010864725737566
AATSC2i,-0.00044289039492044767
AATS4v,-0.00044611207306771705
SM1_DzZ,-0.0004470202701432724
SpMax8_Bhv,-0.0004470761348897567
PubchemFP286,-0.00044895369510934425
3d-RDF110m,-0.00044958960573102667
PubchemFP340,-0.0004529998096201138
ATSC7v,-0.0004589600825654516
EE_Dzv,-0.0004599527147608917
nHBAcc_Lipinski,-0.00046050904139572913
PubchemFP738,-0.00046200761200210216
AATSC2c,-0.00046244214829614937
GATS8v,-0.0004627434442114664
3d-TDB2u,-0.000466289332609926
minsssN,-0.0004683481375462706
minwHBa,-0.0004712880524245233
3d-RDF40m,-0.00047219731829782895
3d-Am,-0.000477452653797239
AATSC5s,-0.00047745719222169747
SM1_Dzi,-0.0004781937118276125
nHBd,-0.0004783612689976069
PubchemFP718,-0.00048057068199625075
3d-E1m,-0.0004873723006981634
SsssCH,-0.0004887262797682701
PubchemFP756,-0.0004899629737831757
nssO,-0.0004902731461891907
ATSC7m,-0.0004912421205592876
PubchemFP185,-0.0004947106903192222
gmin,-0.0004970660539087123
PubchemFP437,-0.000497241192830844
GATS4v,-0.0004976106079676912
GATS3m,-0.0004986952744678308
AATS4e,-0.0005003006532060206
PubchemFP548,-0.0005049056690102805
3d-RDF60i,-0.0005067315515175253
VR2_Dzv,-0.0005072374045792638
ATS7v,-0.0005114870085977774
RotBtFrac,-0.0005146197681698105
nF9HeteroRing,-0.0005183820541157403
AATSC2e,-0.0005240479015525046
AATSC6v,-0.0005250137297945878
ATSC2c,-0.0005305643322997211
PubchemFP623,-0.0005342960960784016
piPC2,-0.0005343774049652583
SpMax_DzZ,-0.0005346066772476399
3d-RDF55i,-0.0005394232239104846
ATSC5s,-0.0005402813896735581
ETA_Epsilon_4,-0.0005434346946722957
ZMIC5,-0.0005435045791328142
3d-RDF100u,-0.0005455776817522406
ATSC7p,-0.0005461682394246714
SpAD_Dzm,-0.0005472451356803521
VE1_Dzv,-0.0005496748935849172
maxHssNH,-0.0005502590545921837
PubchemFP647,-0.0005523199806966361
3d-TDB4s,-0.0005525649939765343
naasC,-0.0005565681692757396
ETA_EtaP_F_L,-0.0005592424378504379
ATS8m,-0.000560537622293833
SM1_Dze,-0.0005624683402488118
AATS6e,-0.000564459791255878
GATS2p,-0.0005682257949093828
JGI9,-0.0005682768600219878
VCH-7,-0.0005685276550700169
PubchemFP567,-0.0005714573797966805
TopoPSA,-0.0005720045357218261
SpMin7_Bhm,-0.0005723027875675468
3d-E3e,-0.0005728449907958733
PubchemFP261,-0.0005766640973584369
AATS3i,-0.0005821890870498336
SpMAD_Dzi,-0.000585732150158913
SRW10,-0.0005884088870210857
ETA_BetaP_ns,-0.0005902704942302827
PubchemFP673,-0.0005928286148528361
MPC2,-0.0005932649975106119
SsCH3,-0.0005950174049360934
3d-E3u,-0.0005950657976823593
3d-GRAV-2,-0.0005999529329910102
AATSC3m,-0.000600234028844282
SHBint5,-0.000601070821819727
PetitjeanNumber,-0.000603434963690297
GATS5s,-0.0006040755976918444
GGI6,-0.000605140546186822
Sv,-0.0006054852781593789
SC-4,-0.000605674845086801
3d-FPSA-2,-0.0006068346630288879
minHssNH,-0.0006075781787201695
PubchemFP382,-0.0006079773198156224
3d-RDF55v,-0.0006081782200490383
SpMin1_Bhs,-0.0006099816556219273
VE3_Dzm,-0.0006109490700186293
SpMAD_DzZ,-0.0006122970668778094
SssssC,-0.0006157926084723985
PubchemFP701,-0.0006214071788402942
3d-TDB5u,-0.0006236133418416556
AATS5m,-0.0006258736265811416
minHCsats,-0.0006278385222134086
ATSC4v,-0.0006281847363634907
MDEC-13,-0.0006289838747493004
SpMax2_Bhv,-0.00062930824376769
AATSC0v,-0.0006295567590066997
3d-RDF55p,-0.0006302109869661066
3d-TDB1r,-0.0006310337050433268
C3SP2,-0.000637247624842463
nBondsT,-0.0006387570402710874
PubchemFP451,-0.0006401744132514042
PubchemFP662,-0.0006410173723877643
topoShape,-0.0006436153817273915
LipinskiFailures,-0.0006437730612799064
nAcid,-0.0006437955398705508
3d-RDF30u,-0.0006454317385815478
3d-WPSA-3,-0.0006475866150988608
ATSC2p,-0.0006499483241998227
MATS2v,-0.0006510390944257316
AATS7e,-0.000658465651667306
PubchemFP575,-0.0006626969418099038
PubchemFP400,-0.0006735214966242742
minaaNH,-0.0006738563172595247
MATS1p,-0.0006741120237604315
3d-PPSA-3,-0.0006755554753849702
SCH-6,-0.0006779514804046482
MATS1i,-0.000682259266300278
mindsN,-0.000683808695836341
nssssC,-0.000684561925840188
PubchemFP192,-0.0006863385401432942
MATS2e,-0.0006866108958551775
GATS8m,-0.000687900862513069
MATS5m,-0.0006900847158513579
PubchemFP379,-0.0006913899293001901
PubchemFP553,-0.0006937900665334729
AATS7i,-0.0006979991162204602
3d-RDF80v,-0.0007021202833101925
PubchemFP385,-0.0007033210025630509
minHaaCH,-0.0007075259400740497
3d-TDB2r,-0.000710564971973493
3d-E3m,-0.0007110370836179381
3d-TDB9p,-0.0007122133860547275
ETA_dAlpha_A,-0.0007129319531038791
MATS7v,-0.0007160522825852445
maxHaaCH,-0.0007164394414662656
PubchemFP650,-0.0007228743481633937
PubchemFP342,-0.0007294526277493718
PubchemFP430,-0.0007337413586158137
3d-E2s,-0.0007367887232031855
MATS7p,-0.0007392974727241875
GGI9,-0.000740804983126242
VE1_Dzp,-0.0007409666203884502
AATS8p,-0.0007418979181963881
SIC1,-0.0007468221429212552
PubchemFP691,-0.0007564141598495943
MATS3e,-0.0007610518114043562
nsCH3,-0.0007636480917945665
PubchemFP356,-0.0007705122438163792
ATS8e,-0.0007728004215107109
VE2_Dze,-0.0007738868807148025
CIC5,-0.0007782727421776437
PubchemFP389,-0.0007788371428530616
WPATH,-0.0007848103641840409
MATS6s,-0.0007864330765710692
PubchemFP571,-0.0007944722409874982
C1SP2,-0.0007963217187215044
minHBint4,-0.0007966128024002983
VE2_Dzi,-0.0007989282927787888
3d-RDF30v,-0.0008051274496801875
maxaaO,-0.0008102222738823218
PubchemFP527,-0.0008110554653027013
minHaaNH,-0.0008141387348657769
nX,-0.0008166603873423272
AATSC6p,-0.0008238541186209369
BIC5,-0.0008315249944682357
PubchemFP377,-0.0008373696044087664
PubchemFP612,-0.0008434240043987851
3d-TDB1v,-0.0008509891105649703
PubchemFP682,-0.0008518215162739873
SsssN,-0.0008548698226666263
PubchemFP145,-0.0008605215147568402
ATSC2v,-0.0008611936647657914
MDEC-24,-0.0008749143057447783
PubchemFP37,-0.0008778025996531325
GATS2v,-0.0008787927219677582
PubchemFP625,-0.000879141785308224
3d-RDF45m,-0.0008888412344119744
PubchemFP542,-0.0008944460545761256
nHBint3,-0.0009072510691593538
minHBint7,-0.0009215100647134933
GATS6p,-0.0009226350434681007
SHBint10,-0.0009239927903572642
PubchemFP614,-0.0009326151147891259
MDEN-23,-0.0009334090183931387
maxHBint10,-0.0009398356830240262
3d-TDB5e,-0.0009408555467291469
PubchemFP365,-0.0009419003780487989
GGI3,-0.0009419052874415801
PubchemFP363,-0.000944479630313877
3d-TDB6u,-0.0009473528754921356
GATS4p,-0.0009488868117037974
IC1,-0.0009523971132505804
nHCsats,-0.0009595243972950973
3d-L2s,-0.0009677202497126558
AATSC5e,-0.0009713609759696596
VC-4,-0.0009878954961920704
AATS8e,-0.0010008340082351074
maxHBint4,-0.0010051910052810697
PubchemFP700,-0.0010076515754990135
PubchemFP763,-0.0010089263747144138
nHssNH,-0.0010157977147096987
PubchemFP712,-0.0010186785512970252
PubchemFP543,-0.0010217176852876041
VCH-6,-0.0010251506033831625
3d-RDF55m,-0.0010303680154074013
naaO,-0.0010331430638874871
PubchemFP333,-0.0010493448295974984
AATSC8v,-0.0010575364229165273
PubchemFP409,-0.0010619154292586975
GATS4s,-0.0010629405488429943
AATSC1i,-0.0010655766365744834
PubchemFP547,-0.0010664882282173994
nsssN,-0.0010794726530603648
3d-RDF55s,-0.001080487987205514
AATSC7m,-0.001085876608901548
ATSC8v,-0.0010865602578591482
BCUTw-1h,-0.0010975087877410417
PubchemFP477,-0.0011094853322426768
PubchemFP707,-0.0011184520571079991
PubchemFP399,-0.0011184799621861141
minaaO,-0.0011205925121003158
PubchemFP492,-0.0011297564508154002
VR1_Dzp,-0.0011304526638657997
maxHaaNH,-0.0011370465530012197
PubchemFP346,-0.0011476914495965995
PubchemFP448,-0.0011541052887379167
ATSC0i,-0.0011580292249348423
PubchemFP436,-0.0011945009827942555
PubchemFP576,-0.0011957479947955264
PubchemFP391,-0.0012088125324731026
VE2_Dzp,-0.0012169249280868377
nHBint7,-0.0012205759980712938
PubchemFP422,-0.0012218011749375647
maxwHBa,-0.0012232377997029697
GATS5c,-0.001231964635439875
SpMin8_Bhs,-0.0012376162486944953
AATS4i,-0.0012390466306003156
MATS5c,-0.001243263153225882
PubchemFP24,-0.0012515889996192354
minHBd,-0.001268501990047377
minssNH,-0.0012792222548035138
ATSC3m,-0.001283675965295794
SdsN,-0.0013581866864830316
ATSC3i,-0.0013709951458693581
maxsCl,-0.0013735662217004396
SHssNH,-0.0013878988187879138
SRW7,-0.0013977852211509156
ATSC1i,-0.0014021660138772152
3d-RDF70i,-0.0014100686256857896
VCH-5,-0.001433334578988732
MDEN-13,-0.0014352246093660038
PubchemFP392,-0.001440026987904408
SaaO,-0.0014448179391712945
ndsN,-0.001505223804713096
C2SP3,-0.0015066760339790374
maxsssN,-0.0015528058960165736
SHBint7,-0.0015857581622269689
VR2_Dzp,-0.0016179635275063275
PubchemFP690,-0.0016492245404108319
PubchemFP638,-0.0017130078125091042
PubchemFP503,-0.0017288381661318298
PubchemFP615,-0.0017361751451428708
PubchemFP713,-0.0017737363680681128
ECCEN,-0.0018262164694332506
PubchemFP143,-0.0018371426045206251
PubchemFP714,-0.0018635036129481587
PubchemFP721,-0.0018650846657067733
nF9Ring,-0.0018709058379655751
PubchemFP146,-0.0018894576244157136
maxdsN,-0.0019704400976623517
AATSC5c,-0.001971481510292539
n5Ring,-0.0019980768295683295
maxssNH,-0.0020222384320241816
MDEC-14,-0.002038312622048766
SCH-5,-0.0020745038562662186
PubchemFP659,-0.0021520064201144273
PubchemFP328,-0.0021527494964906357
SRW9,-0.002171796071352505
nCl,-0.002250248807287769
SRW5,-0.002253054256582543
PubchemFP566,-0.0023979325718355704
PubchemFP515,-0.0024724639533015734
PubchemFP771,-0.002523469215736229
PubchemFP502,-0.0025918029479447325
n5HeteroRing,-0.002733402562351217
PubchemFP300,-0.0027475851348934934
PubchemFP717,-0.0028994222088084
